[    2555ms] [INFO] %cDownload the React DevTools for a better development experience: https://react.dev/link/react-devtools font-weight:bold @ http://localhost:3000/_next/static/chunks/node_modules_next_dist_1e8vcs8._.js:776
[    2702ms] [LOG] [HMR] connected @ http://localhost:3000/_next/static/chunks/node_modules_next_dist_1e8vcs8._.js:776
[    2881ms] [LOG] [Fast Refresh] rebuilding @ http://localhost:3000/_next/static/chunks/node_modules_next_dist_1e8vcs8._.js:776
[    6142ms] [LOG] [Fast Refresh] done in 3378ms @ http://localhost:3000/_next/static/chunks/node_modules_next_dist_1e8vcs8._.js:776
[    9286ms] [LOG] [Fast Refresh] rebuilding @ http://localhost:3000/_next/static/chunks/node_modules_next_dist_1e8vcs8._.js:776
[    9920ms] [LOG] [Fast Refresh] done in 746ms @ http://localhost:3000/_next/static/chunks/node_modules_next_dist_1e8vcs8._.js:776
[   31736ms] [LOG] [Fast Refresh] rebuilding @ http://localhost:3000/_next/static/chunks/node_modules_next_dist_1e8vcs8._.js:776
[   32775ms] [LOG] [Fast Refresh] done in 1065ms @ http://localhost:3000/_next/static/chunks/node_modules_next_dist_1e8vcs8._.js:776
[   32830ms] [LOG] [Fast Refresh] done in 1065ms @ http://localhost:3000/_next/static/chunks/node_modules_next_dist_1e8vcs8._.js:776
[   36078ms] [LOG] [Fast Refresh] rebuilding @ http://localhost:3000/_next/static/chunks/node_modules_next_dist_1e8vcs8._.js:776
[   36432ms] [LOG] [Fast Refresh] done in 339ms @ http://localhost:3000/_next/static/chunks/node_modules_next_dist_1e8vcs8._.js:776
[   36542ms] [LOG] [Fast Refresh] done in 339ms @ http://localhost:3000/_next/static/chunks/node_modules_next_dist_1e8vcs8._.js:776
[   36610ms] [LOG] [Fast Refresh] done in 339ms @ http://localhost:3000/_next/static/chunks/node_modules_next_dist_1e8vcs8._.js:776
[   36718ms] [LOG] [Fast Refresh] done in 339ms @ http://localhost:3000/_next/static/chunks/node_modules_next_dist_1e8vcs8._.js:776
[   36896ms] [LOG] [Fast Refresh] done in 339ms @ http://localhost:3000/_next/static/chunks/node_modules_next_dist_1e8vcs8._.js:776
[   37139ms] [LOG] [Fast Refresh] done in 339ms @ http://localhost:3000/_next/static/chunks/node_modules_next_dist_1e8vcs8._.js:776
[   37198ms] [LOG] [Fast Refresh] done in 339ms @ http://localhost:3000/_next/static/chunks/node_modules_next_dist_1e8vcs8._.js:776
[   37271ms] [LOG] [Fast Refresh] done in 339ms @ http://localhost:3000/_next/static/chunks/node_modules_next_dist_1e8vcs8._.js:776
[   37336ms] [LOG] [Fast Refresh] done in 339ms @ http://localhost:3000/_next/static/chunks/node_modules_next_dist_1e8vcs8._.js:776
[   37397ms] [LOG] [Fast Refresh] done in 339ms @ http://localhost:3000/_next/static/chunks/node_modules_next_dist_1e8vcs8._.js:776
[   37460ms] [LOG] [Fast Refresh] done in 339ms @ http://localhost:3000/_next/static/chunks/node_modules_next_dist_1e8vcs8._.js:776
[   37523ms] [LOG] [Fast Refresh] done in 339ms @ http://localhost:3000/_next/static/chunks/node_modules_next_dist_1e8vcs8._.js:776
[   37593ms] [LOG] [Fast Refresh] done in 339ms @ http://localhost:3000/_next/static/chunks/node_modules_next_dist_1e8vcs8._.js:776
[   37663ms] [LOG] [Fast Refresh] done in 339ms @ http://localhost:3000/_next/static/chunks/node_modules_next_dist_1e8vcs8._.js:776
[   37746ms] [LOG] [Fast Refresh] done in 339ms @ http://localhost:3000/_next/static/chunks/node_modules_next_dist_1e8vcs8._.js:776
[   37813ms] [LOG] [Fast Refresh] done in 339ms @ http://localhost:3000/_next/static/chunks/node_modules_next_dist_1e8vcs8._.js:776
[   37867ms] [LOG] [Fast Refresh] done in 339ms @ http://localhost:3000/_next/static/chunks/node_modules_next_dist_1e8vcs8._.js:776
[   37925ms] [LOG] [Fast Refresh] done in 339ms @ http://localhost:3000/_next/static/chunks/node_modules_next_dist_1e8vcs8._.js:776
[   37988ms] [LOG] [Fast Refresh] done in 339ms @ http://localhost:3000/_next/static/chunks/node_modules_next_dist_1e8vcs8._.js:776
[   38059ms] [LOG] [Fast Refresh] done in 339ms @ http://localhost:3000/_next/static/chunks/node_modules_next_dist_1e8vcs8._.js:776
[   38114ms] [LOG] [Fast Refresh] done in 339ms @ http://localhost:3000/_next/static/chunks/node_modules_next_dist_1e8vcs8._.js:776
[   38166ms] [LOG] [Fast Refresh] done in 339ms @ http://localhost:3000/_next/static/chunks/node_modules_next_dist_1e8vcs8._.js:776
[   38230ms] [LOG] [Fast Refresh] done in 339ms @ http://localhost:3000/_next/static/chunks/node_modules_next_dist_1e8vcs8._.js:776
[   38286ms] [LOG] [Fast Refresh] done in 339ms @ http://localhost:3000/_next/static/chunks/node_modules_next_dist_1e8vcs8._.js:776
[   38348ms] [LOG] [Fast Refresh] done in 339ms @ http://localhost:3000/_next/static/chunks/node_modules_next_dist_1e8vcs8._.js:776
[   38409ms] [LOG] [Fast Refresh] done in 339ms @ http://localhost:3000/_next/static/chunks/node_modules_next_dist_1e8vcs8._.js:776
[   38475ms] [LOG] [Fast Refresh] done in 339ms @ http://localhost:3000/_next/static/chunks/node_modules_next_dist_1e8vcs8._.js:776
[   38536ms] [LOG] [Fast Refresh] done in 339ms @ http://localhost:3000/_next/static/chunks/node_modules_next_dist_1e8vcs8._.js:776
[   38596ms] [LOG] [Fast Refresh] done in 339ms @ http://localhost:3000/_next/static/chunks/node_modules_next_dist_1e8vcs8._.js:776
[   38661ms] [LOG] [Fast Refresh] done in 339ms @ http://localhost:3000/_next/static/chunks/node_modules_next_dist_1e8vcs8._.js:776
[   38732ms] [LOG] [Fast Refresh] done in 339ms @ http://localhost:3000/_next/static/chunks/node_modules_next_dist_1e8vcs8._.js:776
[   38792ms] [LOG] [Fast Refresh] done in 339ms @ http://localhost:3000/_next/static/chunks/node_modules_next_dist_1e8vcs8._.js:776
[   38856ms] [LOG] [Fast Refresh] done in 339ms @ http://localhost:3000/_next/static/chunks/node_modules_next_dist_1e8vcs8._.js:776
[   38905ms] [LOG] [Fast Refresh] done in 339ms @ http://localhost:3000/_next/static/chunks/node_modules_next_dist_1e8vcs8._.js:776
[   38959ms] [LOG] [Fast Refresh] done in 339ms @ http://localhost:3000/_next/static/chunks/node_modules_next_dist_1e8vcs8._.js:776
[   39030ms] [LOG] [Fast Refresh] done in 339ms @ http://localhost:3000/_next/static/chunks/node_modules_next_dist_1e8vcs8._.js:776
[   39091ms] [LOG] [Fast Refresh] done in 339ms @ http://localhost:3000/_next/static/chunks/node_modules_next_dist_1e8vcs8._.js:776
[   39167ms] [LOG] [Fast Refresh] done in 339ms @ http://localhost:3000/_next/static/chunks/node_modules_next_dist_1e8vcs8._.js:776
[   39228ms] [LOG] [Fast Refresh] done in 339ms @ http://localhost:3000/_next/static/chunks/node_modules_next_dist_1e8vcs8._.js:776
[   39285ms] [LOG] [Fast Refresh] done in 339ms @ http://localhost:3000/_next/static/chunks/node_modules_next_dist_1e8vcs8._.js:776
[   39352ms] [LOG] [Fast Refresh] done in 339ms @ http://localhost:3000/_next/static/chunks/node_modules_next_dist_1e8vcs8._.js:776
[   39404ms] [LOG] [Fast Refresh] done in 339ms @ http://localhost:3000/_next/static/chunks/node_modules_next_dist_1e8vcs8._.js:776
[   39461ms] [LOG] [Fast Refresh] done in 339ms @ http://localhost:3000/_next/static/chunks/node_modules_next_dist_1e8vcs8._.js:776
[   39513ms] [LOG] [Fast Refresh] done in 339ms @ http://localhost:3000/_next/static/chunks/node_modules_next_dist_1e8vcs8._.js:776
[   39563ms] [LOG] [Fast Refresh] done in 339ms @ http://localhost:3000/_next/static/chunks/node_modules_next_dist_1e8vcs8._.js:776
[   39618ms] [LOG] [Fast Refresh] done in 339ms @ http://localhost:3000/_next/static/chunks/node_modules_next_dist_1e8vcs8._.js:776
[   39682ms] [LOG] [Fast Refresh] done in 339ms @ http://localhost:3000/_next/static/chunks/node_modules_next_dist_1e8vcs8._.js:776
[   39735ms] [LOG] [Fast Refresh] done in 339ms @ http://localhost:3000/_next/static/chunks/node_modules_next_dist_1e8vcs8._.js:776
[   39785ms] [LOG] [Fast Refresh] done in 339ms @ http://localhost:3000/_next/static/chunks/node_modules_next_dist_1e8vcs8._.js:776
[   39842ms] [LOG] [Fast Refresh] done in 339ms @ http://localhost:3000/_next/static/chunks/node_modules_next_dist_1e8vcs8._.js:776
[   39900ms] [LOG] [Fast Refresh] done in 339ms @ http://localhost:3000/_next/static/chunks/node_modules_next_dist_1e8vcs8._.js:776
[   39954ms] [LOG] [Fast Refresh] done in 339ms @ http://localhost:3000/_next/static/chunks/node_modules_next_dist_1e8vcs8._.js:776
[   40007ms] [LOG] [Fast Refresh] done in 339ms @ http://localhost:3000/_next/static/chunks/node_modules_next_dist_1e8vcs8._.js:776
[   40069ms] [LOG] [Fast Refresh] done in 339ms @ http://localhost:3000/_next/static/chunks/node_modules_next_dist_1e8vcs8._.js:776
[   40134ms] [LOG] [Fast Refresh] done in 339ms @ http://localhost:3000/_next/static/chunks/node_modules_next_dist_1e8vcs8._.js:776
[   40197ms] [LOG] [Fast Refresh] done in 339ms @ http://localhost:3000/_next/static/chunks/node_modules_next_dist_1e8vcs8._.js:776
[   40258ms] [LOG] [Fast Refresh] done in 339ms @ http://localhost:3000/_next/static/chunks/node_modules_next_dist_1e8vcs8._.js:776
[   40318ms] [LOG] [Fast Refresh] done in 339ms @ http://localhost:3000/_next/static/chunks/node_modules_next_dist_1e8vcs8._.js:776
[   40369ms] [LOG] [Fast Refresh] done in 339ms @ http://localhost:3000/_next/static/chunks/node_modules_next_dist_1e8vcs8._.js:776
[   40417ms] [LOG] [Fast Refresh] done in 339ms @ http://localhost:3000/_next/static/chunks/node_modules_next_dist_1e8vcs8._.js:776
[   40475ms] [LOG] [Fast Refresh] done in 339ms @ http://localhost:3000/_next/static/chunks/node_modules_next_dist_1e8vcs8._.js:776
[   40536ms] [LOG] [Fast Refresh] done in 339ms @ http://localhost:3000/_next/static/chunks/node_modules_next_dist_1e8vcs8._.js:776
[   40599ms] [LOG] [Fast Refresh] done in 339ms @ http://localhost:3000/_next/static/chunks/node_modules_next_dist_1e8vcs8._.js:776
[   40649ms] [LOG] [Fast Refresh] done in 339ms @ http://localhost:3000/_next/static/chunks/node_modules_next_dist_1e8vcs8._.js:776
[   40706ms] [LOG] [Fast Refresh] done in 339ms @ http://localhost:3000/_next/static/chunks/node_modules_next_dist_1e8vcs8._.js:776
[   40785ms] [LOG] [Fast Refresh] done in 339ms @ http://localhost:3000/_next/static/chunks/node_modules_next_dist_1e8vcs8._.js:776
[   40846ms] [LOG] [Fast Refresh] done in 339ms @ http://localhost:3000/_next/static/chunks/node_modules_next_dist_1e8vcs8._.js:776
[   40907ms] [LOG] [Fast Refresh] done in 339ms @ http://localhost:3000/_next/static/chunks/node_modules_next_dist_1e8vcs8._.js:776
[   40973ms] [LOG] [Fast Refresh] done in 339ms @ http://localhost:3000/_next/static/chunks/node_modules_next_dist_1e8vcs8._.js:776
[   41031ms] [LOG] [Fast Refresh] done in 339ms @ http://localhost:3000/_next/static/chunks/node_modules_next_dist_1e8vcs8._.js:776
[   41092ms] [LOG] [Fast Refresh] done in 339ms @ http://localhost:3000/_next/static/chunks/node_modules_next_dist_1e8vcs8._.js:776
[   41154ms] [LOG] [Fast Refresh] done in 339ms @ http://localhost:3000/_next/static/chunks/node_modules_next_dist_1e8vcs8._.js:776
[   41211ms] [LOG] [Fast Refresh] done in 339ms @ http://localhost:3000/_next/static/chunks/node_modules_next_dist_1e8vcs8._.js:776
[   41271ms] [LOG] [Fast Refresh] done in 339ms @ http://localhost:3000/_next/static/chunks/node_modules_next_dist_1e8vcs8._.js:776
[   41335ms] [LOG] [Fast Refresh] done in 339ms @ http://localhost:3000/_next/static/chunks/node_modules_next_dist_1e8vcs8._.js:776
[   41398ms] [LOG] [Fast Refresh] done in 339ms @ http://localhost:3000/_next/static/chunks/node_modules_next_dist_1e8vcs8._.js:776
[   41462ms] [LOG] [Fast Refresh] done in 339ms @ http://localhost:3000/_next/static/chunks/node_modules_next_dist_1e8vcs8._.js:776
[   41521ms] [LOG] [Fast Refresh] done in 339ms @ http://localhost:3000/_next/static/chunks/node_modules_next_dist_1e8vcs8._.js:776
[   41597ms] [LOG] [Fast Refresh] done in 339ms @ http://localhost:3000/_next/static/chunks/node_modules_next_dist_1e8vcs8._.js:776
[   41662ms] [LOG] [Fast Refresh] done in 339ms @ http://localhost:3000/_next/static/chunks/node_modules_next_dist_1e8vcs8._.js:776
[   41717ms] [LOG] [Fast Refresh] done in 339ms @ http://localhost:3000/_next/static/chunks/node_modules_next_dist_1e8vcs8._.js:776
[   41765ms] [LOG] [Fast Refresh] done in 339ms @ http://localhost:3000/_next/static/chunks/node_modules_next_dist_1e8vcs8._.js:776
[   41843ms] [LOG] [Fast Refresh] done in 339ms @ http://localhost:3000/_next/static/chunks/node_modules_next_dist_1e8vcs8._.js:776
[   41927ms] [LOG] [Fast Refresh] done in 339ms @ http://localhost:3000/_next/static/chunks/node_modules_next_dist_1e8vcs8._.js:776
[   41997ms] [LOG] [Fast Refresh] done in 339ms @ http://localhost:3000/_next/static/chunks/node_modules_next_dist_1e8vcs8._.js:776
[   42076ms] [LOG] [Fast Refresh] done in 339ms @ http://localhost:3000/_next/static/chunks/node_modules_next_dist_1e8vcs8._.js:776
[   42143ms] [LOG] [Fast Refresh] done in 339ms @ http://localhost:3000/_next/static/chunks/node_modules_next_dist_1e8vcs8._.js:776
[   42204ms] [LOG] [Fast Refresh] done in 339ms @ http://localhost:3000/_next/static/chunks/node_modules_next_dist_1e8vcs8._.js:776
[   42263ms] [LOG] [Fast Refresh] done in 339ms @ http://localhost:3000/_next/static/chunks/node_modules_next_dist_1e8vcs8._.js:776
[   42325ms] [LOG] [Fast Refresh] done in 339ms @ http://localhost:3000/_next/static/chunks/node_modules_next_dist_1e8vcs8._.js:776
[   42392ms] [LOG] [Fast Refresh] done in 339ms @ http://localhost:3000/_next/static/chunks/node_modules_next_dist_1e8vcs8._.js:776
[   42452ms] [LOG] [Fast Refresh] done in 339ms @ http://localhost:3000/_next/static/chunks/node_modules_next_dist_1e8vcs8._.js:776
[   42510ms] [LOG] [Fast Refresh] done in 339ms @ http://localhost:3000/_next/static/chunks/node_modules_next_dist_1e8vcs8._.js:776
[   42573ms] [LOG] [Fast Refresh] done in 339ms @ http://localhost:3000/_next/static/chunks/node_modules_next_dist_1e8vcs8._.js:776
[   42647ms] [LOG] [Fast Refresh] done in 339ms @ http://localhost:3000/_next/static/chunks/node_modules_next_dist_1e8vcs8._.js:776
[   42718ms] [LOG] [Fast Refresh] done in 339ms @ http://localhost:3000/_next/static/chunks/node_modules_next_dist_1e8vcs8._.js:776
[   42768ms] [LOG] [Fast Refresh] done in 339ms @ http://localhost:3000/_next/static/chunks/node_modules_next_dist_1e8vcs8._.js:776
[   42819ms] [LOG] [Fast Refresh] done in 339ms @ http://localhost:3000/_next/static/chunks/node_modules_next_dist_1e8vcs8._.js:776
[   42876ms] [LOG] [Fast Refresh] done in 339ms @ http://localhost:3000/_next/static/chunks/node_modules_next_dist_1e8vcs8._.js:776
[   42933ms] [LOG] [Fast Refresh] done in 339ms @ http://localhost:3000/_next/static/chunks/node_modules_next_dist_1e8vcs8._.js:776
[   42997ms] [LOG] [Fast Refresh] done in 339ms @ http://localhost:3000/_next/static/chunks/node_modules_next_dist_1e8vcs8._.js:776
[   43058ms] [LOG] [Fast Refresh] done in 339ms @ http://localhost:3000/_next/static/chunks/node_modules_next_dist_1e8vcs8._.js:776
[   43132ms] [LOG] [Fast Refresh] done in 339ms @ http://localhost:3000/_next/static/chunks/node_modules_next_dist_1e8vcs8._.js:776
[   43199ms] [LOG] [Fast Refresh] done in 339ms @ http://localhost:3000/_next/static/chunks/node_modules_next_dist_1e8vcs8._.js:776
[   43250ms] [LOG] [Fast Refresh] done in 339ms @ http://localhost:3000/_next/static/chunks/node_modules_next_dist_1e8vcs8._.js:776
[   43301ms] [LOG] [Fast Refresh] done in 339ms @ http://localhost:3000/_next/static/chunks/node_modules_next_dist_1e8vcs8._.js:776
[   43377ms] [LOG] [Fast Refresh] done in 339ms @ http://localhost:3000/_next/static/chunks/node_modules_next_dist_1e8vcs8._.js:776
[   43447ms] [LOG] [Fast Refresh] done in 339ms @ http://localhost:3000/_next/static/chunks/node_modules_next_dist_1e8vcs8._.js:776
[   43501ms] [LOG] [Fast Refresh] done in 339ms @ http://localhost:3000/_next/static/chunks/node_modules_next_dist_1e8vcs8._.js:776
[   43547ms] [LOG] [Fast Refresh] done in 339ms @ http://localhost:3000/_next/static/chunks/node_modules_next_dist_1e8vcs8._.js:776
[   43612ms] [LOG] [Fast Refresh] done in 339ms @ http://localhost:3000/_next/static/chunks/node_modules_next_dist_1e8vcs8._.js:776
[   43669ms] [LOG] [Fast Refresh] done in 339ms @ http://localhost:3000/_next/static/chunks/node_modules_next_dist_1e8vcs8._.js:776
[   43722ms] [LOG] [Fast Refresh] done in 339ms @ http://localhost:3000/_next/static/chunks/node_modules_next_dist_1e8vcs8._.js:776
[   43790ms] [LOG] [Fast Refresh] done in 339ms @ http://localhost:3000/_next/static/chunks/node_modules_next_dist_1e8vcs8._.js:776
[   43855ms] [LOG] [Fast Refresh] done in 339ms @ http://localhost:3000/_next/static/chunks/node_modules_next_dist_1e8vcs8._.js:776
[   43905ms] [LOG] [Fast Refresh] done in 339ms @ http://localhost:3000/_next/static/chunks/node_modules_next_dist_1e8vcs8._.js:776
[   43965ms] [LOG] [Fast Refresh] done in 339ms @ http://localhost:3000/_next/static/chunks/node_modules_next_dist_1e8vcs8._.js:776
[   44018ms] [LOG] [Fast Refresh] done in 339ms @ http://localhost:3000/_next/static/chunks/node_modules_next_dist_1e8vcs8._.js:776
[   44078ms] [LOG] [Fast Refresh] done in 339ms @ http://localhost:3000/_next/static/chunks/node_modules_next_dist_1e8vcs8._.js:776
[   44132ms] [LOG] [Fast Refresh] done in 339ms @ http://localhost:3000/_next/static/chunks/node_modules_next_dist_1e8vcs8._.js:776
[   44188ms] [LOG] [Fast Refresh] done in 339ms @ http://localhost:3000/_next/static/chunks/node_modules_next_dist_1e8vcs8._.js:776
[   44259ms] [LOG] [Fast Refresh] done in 339ms @ http://localhost:3000/_next/static/chunks/node_modules_next_dist_1e8vcs8._.js:776
[   44334ms] [LOG] [Fast Refresh] done in 339ms @ http://localhost:3000/_next/static/chunks/node_modules_next_dist_1e8vcs8._.js:776
[   44387ms] [LOG] [Fast Refresh] done in 339ms @ http://localhost:3000/_next/static/chunks/node_modules_next_dist_1e8vcs8._.js:776
[   44446ms] [LOG] [Fast Refresh] done in 339ms @ http://localhost:3000/_next/static/chunks/node_modules_next_dist_1e8vcs8._.js:776
[   44517ms] [LOG] [Fast Refresh] done in 339ms @ http://localhost:3000/_next/static/chunks/node_modules_next_dist_1e8vcs8._.js:776
[   44575ms] [LOG] [Fast Refresh] done in 339ms @ http://localhost:3000/_next/static/chunks/node_modules_next_dist_1e8vcs8._.js:776
[   44627ms] [LOG] [Fast Refresh] done in 339ms @ http://localhost:3000/_next/static/chunks/node_modules_next_dist_1e8vcs8._.js:776
[   44689ms] [LOG] [Fast Refresh] done in 339ms @ http://localhost:3000/_next/static/chunks/node_modules_next_dist_1e8vcs8._.js:776
[   44745ms] [LOG] [Fast Refresh] done in 339ms @ http://localhost:3000/_next/static/chunks/node_modules_next_dist_1e8vcs8._.js:776
[   44798ms] [LOG] [Fast Refresh] done in 339ms @ http://localhost:3000/_next/static/chunks/node_modules_next_dist_1e8vcs8._.js:776
[   44845ms] [LOG] [Fast Refresh] done in 339ms @ http://localhost:3000/_next/static/chunks/node_modules_next_dist_1e8vcs8._.js:776
[   44907ms] [LOG] [Fast Refresh] done in 339ms @ http://localhost:3000/_next/static/chunks/node_modules_next_dist_1e8vcs8._.js:776
[   44971ms] [LOG] [Fast Refresh] done in 339ms @ http://localhost:3000/_next/static/chunks/node_modules_next_dist_1e8vcs8._.js:776
[   45029ms] [LOG] [Fast Refresh] done in 339ms @ http://localhost:3000/_next/static/chunks/node_modules_next_dist_1e8vcs8._.js:776
[   45096ms] [LOG] [Fast Refresh] done in 339ms @ http://localhost:3000/_next/static/chunks/node_modules_next_dist_1e8vcs8._.js:776
[   45157ms] [LOG] [Fast Refresh] done in 339ms @ http://localhost:3000/_next/static/chunks/node_modules_next_dist_1e8vcs8._.js:776
[   45216ms] [LOG] [Fast Refresh] done in 339ms @ http://localhost:3000/_next/static/chunks/node_modules_next_dist_1e8vcs8._.js:776
[   45277ms] [LOG] [Fast Refresh] done in 339ms @ http://localhost:3000/_next/static/chunks/node_modules_next_dist_1e8vcs8._.js:776
[   45350ms] [LOG] [Fast Refresh] done in 339ms @ http://localhost:3000/_next/static/chunks/node_modules_next_dist_1e8vcs8._.js:776
[   45404ms] [LOG] [Fast Refresh] done in 339ms @ http://localhost:3000/_next/static/chunks/node_modules_next_dist_1e8vcs8._.js:776
[   45466ms] [LOG] [Fast Refresh] done in 339ms @ http://localhost:3000/_next/static/chunks/node_modules_next_dist_1e8vcs8._.js:776
[   45527ms] [LOG] [Fast Refresh] done in 339ms @ http://localhost:3000/_next/static/chunks/node_modules_next_dist_1e8vcs8._.js:776
[   45590ms] [LOG] [Fast Refresh] done in 339ms @ http://localhost:3000/_next/static/chunks/node_modules_next_dist_1e8vcs8._.js:776
[   45640ms] [LOG] [Fast Refresh] done in 339ms @ http://localhost:3000/_next/static/chunks/node_modules_next_dist_1e8vcs8._.js:776
[   45696ms] [LOG] [Fast Refresh] done in 339ms @ http://localhost:3000/_next/static/chunks/node_modules_next_dist_1e8vcs8._.js:776
[   45751ms] [LOG] [Fast Refresh] done in 339ms @ http://localhost:3000/_next/static/chunks/node_modules_next_dist_1e8vcs8._.js:776
[   45808ms] [LOG] [Fast Refresh] done in 339ms @ http://localhost:3000/_next/static/chunks/node_modules_next_dist_1e8vcs8._.js:776
[   45877ms] [LOG] [Fast Refresh] done in 339ms @ http://localhost:3000/_next/static/chunks/node_modules_next_dist_1e8vcs8._.js:776
[   45946ms] [LOG] [Fast Refresh] done in 339ms @ http://localhost:3000/_next/static/chunks/node_modules_next_dist_1e8vcs8._.js:776
[   46018ms] [LOG] [Fast Refresh] done in 339ms @ http://localhost:3000/_next/static/chunks/node_modules_next_dist_1e8vcs8._.js:776
[   46082ms] [LOG] [Fast Refresh] done in 339ms @ http://localhost:3000/_next/static/chunks/node_modules_next_dist_1e8vcs8._.js:776
[   46139ms] [LOG] [Fast Refresh] done in 339ms @ http://localhost:3000/_next/static/chunks/node_modules_next_dist_1e8vcs8._.js:776
[   46200ms] [LOG] [Fast Refresh] done in 339ms @ http://localhost:3000/_next/static/chunks/node_modules_next_dist_1e8vcs8._.js:776
[   46254ms] [LOG] [Fast Refresh] done in 339ms @ http://localhost:3000/_next/static/chunks/node_modules_next_dist_1e8vcs8._.js:776
[   46314ms] [LOG] [Fast Refresh] done in 339ms @ http://localhost:3000/_next/static/chunks/node_modules_next_dist_1e8vcs8._.js:776
[   46376ms] [LOG] [Fast Refresh] done in 339ms @ http://localhost:3000/_next/static/chunks/node_modules_next_dist_1e8vcs8._.js:776
[   46432ms] [LOG] [Fast Refresh] done in 339ms @ http://localhost:3000/_next/static/chunks/node_modules_next_dist_1e8vcs8._.js:776
[   46487ms] [LOG] [Fast Refresh] done in 339ms @ http://localhost:3000/_next/static/chunks/node_modules_next_dist_1e8vcs8._.js:776
[   46539ms] [LOG] [Fast Refresh] done in 339ms @ http://localhost:3000/_next/static/chunks/node_modules_next_dist_1e8vcs8._.js:776
[   46601ms] [LOG] [Fast Refresh] done in 339ms @ http://localhost:3000/_next/static/chunks/node_modules_next_dist_1e8vcs8._.js:776
[   46660ms] [LOG] [Fast Refresh] done in 339ms @ http://localhost:3000/_next/static/chunks/node_modules_next_dist_1e8vcs8._.js:776
[   46716ms] [LOG] [Fast Refresh] done in 339ms @ http://localhost:3000/_next/static/chunks/node_modules_next_dist_1e8vcs8._.js:776
[   46772ms] [LOG] [Fast Refresh] done in 339ms @ http://localhost:3000/_next/static/chunks/node_modules_next_dist_1e8vcs8._.js:776
[   46828ms] [LOG] [Fast Refresh] done in 339ms @ http://localhost:3000/_next/static/chunks/node_modules_next_dist_1e8vcs8._.js:776
[   46882ms] [LOG] [Fast Refresh] done in 339ms @ http://localhost:3000/_next/static/chunks/node_modules_next_dist_1e8vcs8._.js:776
[   46937ms] [LOG] [Fast Refresh] done in 339ms @ http://localhost:3000/_next/static/chunks/node_modules_next_dist_1e8vcs8._.js:776
[   46999ms] [LOG] [Fast Refresh] done in 339ms @ http://localhost:3000/_next/static/chunks/node_modules_next_dist_1e8vcs8._.js:776
[   47059ms] [LOG] [Fast Refresh] done in 339ms @ http://localhost:3000/_next/static/chunks/node_modules_next_dist_1e8vcs8._.js:776
[   47116ms] [LOG] [Fast Refresh] done in 339ms @ http://localhost:3000/_next/static/chunks/node_modules_next_dist_1e8vcs8._.js:776
[   47173ms] [LOG] [Fast Refresh] done in 339ms @ http://localhost:3000/_next/static/chunks/node_modules_next_dist_1e8vcs8._.js:776
[   47231ms] [LOG] [Fast Refresh] done in 339ms @ http://localhost:3000/_next/static/chunks/node_modules_next_dist_1e8vcs8._.js:776
[   47299ms] [LOG] [Fast Refresh] done in 339ms @ http://localhost:3000/_next/static/chunks/node_modules_next_dist_1e8vcs8._.js:776
[   47364ms] [LOG] [Fast Refresh] done in 339ms @ http://localhost:3000/_next/static/chunks/node_modules_next_dist_1e8vcs8._.js:776
[   47411ms] [LOG] [Fast Refresh] done in 339ms @ http://localhost:3000/_next/static/chunks/node_modules_next_dist_1e8vcs8._.js:776
[   47472ms] [LOG] [Fast Refresh] done in 339ms @ http://localhost:3000/_next/static/chunks/node_modules_next_dist_1e8vcs8._.js:776
[   47529ms] [LOG] [Fast Refresh] done in 339ms @ http://localhost:3000/_next/static/chunks/node_modules_next_dist_1e8vcs8._.js:776
[   47591ms] [LOG] [Fast Refresh] done in 339ms @ http://localhost:3000/_next/static/chunks/node_modules_next_dist_1e8vcs8._.js:776
[   47650ms] [LOG] [Fast Refresh] done in 339ms @ http://localhost:3000/_next/static/chunks/node_modules_next_dist_1e8vcs8._.js:776
[   47723ms] [LOG] [Fast Refresh] done in 339ms @ http://localhost:3000/_next/static/chunks/node_modules_next_dist_1e8vcs8._.js:776
[   47780ms] [LOG] [Fast Refresh] done in 339ms @ http://localhost:3000/_next/static/chunks/node_modules_next_dist_1e8vcs8._.js:776
[   47840ms] [LOG] [Fast Refresh] done in 339ms @ http://localhost:3000/_next/static/chunks/node_modules_next_dist_1e8vcs8._.js:776
[   47901ms] [LOG] [Fast Refresh] done in 339ms @ http://localhost:3000/_next/static/chunks/node_modules_next_dist_1e8vcs8._.js:776
[   47955ms] [LOG] [Fast Refresh] done in 339ms @ http://localhost:3000/_next/static/chunks/node_modules_next_dist_1e8vcs8._.js:776
[   48012ms] [LOG] [Fast Refresh] done in 339ms @ http://localhost:3000/_next/static/chunks/node_modules_next_dist_1e8vcs8._.js:776
[   48075ms] [LOG] [Fast Refresh] done in 339ms @ http://localhost:3000/_next/static/chunks/node_modules_next_dist_1e8vcs8._.js:776
[   48125ms] [LOG] [Fast Refresh] done in 339ms @ http://localhost:3000/_next/static/chunks/node_modules_next_dist_1e8vcs8._.js:776
[   48177ms] [LOG] [Fast Refresh] done in 339ms @ http://localhost:3000/_next/static/chunks/node_modules_next_dist_1e8vcs8._.js:776
[   48244ms] [LOG] [Fast Refresh] done in 339ms @ http://localhost:3000/_next/static/chunks/node_modules_next_dist_1e8vcs8._.js:776
[   48306ms] [LOG] [Fast Refresh] done in 339ms @ http://localhost:3000/_next/static/chunks/node_modules_next_dist_1e8vcs8._.js:776
[   48369ms] [LOG] [Fast Refresh] done in 339ms @ http://localhost:3000/_next/static/chunks/node_modules_next_dist_1e8vcs8._.js:776
[   48417ms] [LOG] [Fast Refresh] done in 339ms @ http://localhost:3000/_next/static/chunks/node_modules_next_dist_1e8vcs8._.js:776
[   48476ms] [LOG] [Fast Refresh] done in 339ms @ http://localhost:3000/_next/static/chunks/node_modules_next_dist_1e8vcs8._.js:776
[   48535ms] [LOG] [Fast Refresh] done in 339ms @ http://localhost:3000/_next/static/chunks/node_modules_next_dist_1e8vcs8._.js:776
[   48600ms] [LOG] [Fast Refresh] done in 339ms @ http://localhost:3000/_next/static/chunks/node_modules_next_dist_1e8vcs8._.js:776
[   48654ms] [LOG] [Fast Refresh] done in 339ms @ http://localhost:3000/_next/static/chunks/node_modules_next_dist_1e8vcs8._.js:776
[   48713ms] [LOG] [Fast Refresh] done in 339ms @ http://localhost:3000/_next/static/chunks/node_modules_next_dist_1e8vcs8._.js:776
[   48767ms] [LOG] [Fast Refresh] done in 339ms @ http://localhost:3000/_next/static/chunks/node_modules_next_dist_1e8vcs8._.js:776
[   48836ms] [LOG] [Fast Refresh] done in 339ms @ http://localhost:3000/_next/static/chunks/node_modules_next_dist_1e8vcs8._.js:776
[   48890ms] [LOG] [Fast Refresh] done in 339ms @ http://localhost:3000/_next/static/chunks/node_modules_next_dist_1e8vcs8._.js:776
[   48939ms] [LOG] [Fast Refresh] done in 339ms @ http://localhost:3000/_next/static/chunks/node_modules_next_dist_1e8vcs8._.js:776
[   48994ms] [LOG] [Fast Refresh] done in 339ms @ http://localhost:3000/_next/static/chunks/node_modules_next_dist_1e8vcs8._.js:776
[   49051ms] [LOG] [Fast Refresh] done in 339ms @ http://localhost:3000/_next/static/chunks/node_modules_next_dist_1e8vcs8._.js:776
[   49106ms] [LOG] [Fast Refresh] done in 339ms @ http://localhost:3000/_next/static/chunks/node_modules_next_dist_1e8vcs8._.js:776
[   49160ms] [LOG] [Fast Refresh] done in 339ms @ http://localhost:3000/_next/static/chunks/node_modules_next_dist_1e8vcs8._.js:776
[   49219ms] [LOG] [Fast Refresh] done in 339ms @ http://localhost:3000/_next/static/chunks/node_modules_next_dist_1e8vcs8._.js:776
[   49277ms] [LOG] [Fast Refresh] done in 339ms @ http://localhost:3000/_next/static/chunks/node_modules_next_dist_1e8vcs8._.js:776
[   49332ms] [LOG] [Fast Refresh] done in 339ms @ http://localhost:3000/_next/static/chunks/node_modules_next_dist_1e8vcs8._.js:776
[   49396ms] [LOG] [Fast Refresh] done in 339ms @ http://localhost:3000/_next/static/chunks/node_modules_next_dist_1e8vcs8._.js:776
[   49453ms] [LOG] [Fast Refresh] done in 339ms @ http://localhost:3000/_next/static/chunks/node_modules_next_dist_1e8vcs8._.js:776
[   49505ms] [LOG] [Fast Refresh] done in 339ms @ http://localhost:3000/_next/static/chunks/node_modules_next_dist_1e8vcs8._.js:776
[   49556ms] [LOG] [Fast Refresh] done in 339ms @ http://localhost:3000/_next/static/chunks/node_modules_next_dist_1e8vcs8._.js:776
[   49621ms] [LOG] [Fast Refresh] done in 339ms @ http://localhost:3000/_next/static/chunks/node_modules_next_dist_1e8vcs8._.js:776
[   49684ms] [LOG] [Fast Refresh] done in 339ms @ http://localhost:3000/_next/static/chunks/node_modules_next_dist_1e8vcs8._.js:776
[   49748ms] [LOG] [Fast Refresh] done in 339ms @ http://localhost:3000/_next/static/chunks/node_modules_next_dist_1e8vcs8._.js:776
[   49809ms] [LOG] [Fast Refresh] done in 339ms @ http://localhost:3000/_next/static/chunks/node_modules_next_dist_1e8vcs8._.js:776
[   49884ms] [LOG] [Fast Refresh] done in 339ms @ http://localhost:3000/_next/static/chunks/node_modules_next_dist_1e8vcs8._.js:776
[   49949ms] [LOG] [Fast Refresh] done in 339ms @ http://localhost:3000/_next/static/chunks/node_modules_next_dist_1e8vcs8._.js:776
[   50009ms] [LOG] [Fast Refresh] done in 339ms @ http://localhost:3000/_next/static/chunks/node_modules_next_dist_1e8vcs8._.js:776
[   50073ms] [LOG] [Fast Refresh] done in 339ms @ http://localhost:3000/_next/static/chunks/node_modules_next_dist_1e8vcs8._.js:776
[   50133ms] [LOG] [Fast Refresh] done in 339ms @ http://localhost:3000/_next/static/chunks/node_modules_next_dist_1e8vcs8._.js:776
[   50186ms] [LOG] [Fast Refresh] done in 339ms @ http://localhost:3000/_next/static/chunks/node_modules_next_dist_1e8vcs8._.js:776
[   50261ms] [LOG] [Fast Refresh] done in 339ms @ http://localhost:3000/_next/static/chunks/node_modules_next_dist_1e8vcs8._.js:776
[   50319ms] [LOG] [Fast Refresh] done in 339ms @ http://localhost:3000/_next/static/chunks/node_modules_next_dist_1e8vcs8._.js:776
[   50375ms] [LOG] [Fast Refresh] done in 339ms @ http://localhost:3000/_next/static/chunks/node_modules_next_dist_1e8vcs8._.js:776
[   50448ms] [LOG] [Fast Refresh] done in 339ms @ http://localhost:3000/_next/static/chunks/node_modules_next_dist_1e8vcs8._.js:776
[   50506ms] [LOG] [Fast Refresh] done in 339ms @ http://localhost:3000/_next/static/chunks/node_modules_next_dist_1e8vcs8._.js:776
[   50567ms] [LOG] [Fast Refresh] done in 339ms @ http://localhost:3000/_next/static/chunks/node_modules_next_dist_1e8vcs8._.js:776
[   50618ms] [LOG] [Fast Refresh] done in 339ms @ http://localhost:3000/_next/static/chunks/node_modules_next_dist_1e8vcs8._.js:776
[   50672ms] [LOG] [Fast Refresh] done in 339ms @ http://localhost:3000/_next/static/chunks/node_modules_next_dist_1e8vcs8._.js:776
[   50721ms] [LOG] [Fast Refresh] done in 339ms @ http://localhost:3000/_next/static/chunks/node_modules_next_dist_1e8vcs8._.js:776
[   50777ms] [LOG] [Fast Refresh] done in 339ms @ http://localhost:3000/_next/static/chunks/node_modules_next_dist_1e8vcs8._.js:776
[   50834ms] [LOG] [Fast Refresh] done in 339ms @ http://localhost:3000/_next/static/chunks/node_modules_next_dist_1e8vcs8._.js:776
[   50899ms] [LOG] [Fast Refresh] done in 339ms @ http://localhost:3000/_next/static/chunks/node_modules_next_dist_1e8vcs8._.js:776
[   50964ms] [LOG] [Fast Refresh] done in 339ms @ http://localhost:3000/_next/static/chunks/node_modules_next_dist_1e8vcs8._.js:776
[   51025ms] [LOG] [Fast Refresh] done in 339ms @ http://localhost:3000/_next/static/chunks/node_modules_next_dist_1e8vcs8._.js:776
[   51090ms] [LOG] [Fast Refresh] done in 339ms @ http://localhost:3000/_next/static/chunks/node_modules_next_dist_1e8vcs8._.js:776
[   51145ms] [LOG] [Fast Refresh] done in 339ms @ http://localhost:3000/_next/static/chunks/node_modules_next_dist_1e8vcs8._.js:776
[   51203ms] [LOG] [Fast Refresh] done in 339ms @ http://localhost:3000/_next/static/chunks/node_modules_next_dist_1e8vcs8._.js:776
[   51263ms] [LOG] [Fast Refresh] done in 339ms @ http://localhost:3000/_next/static/chunks/node_modules_next_dist_1e8vcs8._.js:776
[   51326ms] [LOG] [Fast Refresh] done in 339ms @ http://localhost:3000/_next/static/chunks/node_modules_next_dist_1e8vcs8._.js:776
[   51382ms] [LOG] [Fast Refresh] done in 339ms @ http://localhost:3000/_next/static/chunks/node_modules_next_dist_1e8vcs8._.js:776
[   51433ms] [LOG] [Fast Refresh] done in 339ms @ http://localhost:3000/_next/static/chunks/node_modules_next_dist_1e8vcs8._.js:776
[   51494ms] [LOG] [Fast Refresh] done in 339ms @ http://localhost:3000/_next/static/chunks/node_modules_next_dist_1e8vcs8._.js:776
[   51548ms] [LOG] [Fast Refresh] done in 339ms @ http://localhost:3000/_next/static/chunks/node_modules_next_dist_1e8vcs8._.js:776
[   51605ms] [LOG] [Fast Refresh] done in 339ms @ http://localhost:3000/_next/static/chunks/node_modules_next_dist_1e8vcs8._.js:776
[   51665ms] [LOG] [Fast Refresh] done in 339ms @ http://localhost:3000/_next/static/chunks/node_modules_next_dist_1e8vcs8._.js:776
[   51716ms] [LOG] [Fast Refresh] done in 339ms @ http://localhost:3000/_next/static/chunks/node_modules_next_dist_1e8vcs8._.js:776
[   51765ms] [LOG] [Fast Refresh] done in 339ms @ http://localhost:3000/_next/static/chunks/node_modules_next_dist_1e8vcs8._.js:776
[   51833ms] [LOG] [Fast Refresh] done in 339ms @ http://localhost:3000/_next/static/chunks/node_modules_next_dist_1e8vcs8._.js:776
[   51894ms] [LOG] [Fast Refresh] done in 339ms @ http://localhost:3000/_next/static/chunks/node_modules_next_dist_1e8vcs8._.js:776
[   51958ms] [LOG] [Fast Refresh] done in 339ms @ http://localhost:3000/_next/static/chunks/node_modules_next_dist_1e8vcs8._.js:776
[   52007ms] [LOG] [Fast Refresh] done in 339ms @ http://localhost:3000/_next/static/chunks/node_modules_next_dist_1e8vcs8._.js:776
[   52075ms] [LOG] [Fast Refresh] done in 339ms @ http://localhost:3000/_next/static/chunks/node_modules_next_dist_1e8vcs8._.js:776
[   52130ms] [LOG] [Fast Refresh] done in 339ms @ http://localhost:3000/_next/static/chunks/node_modules_next_dist_1e8vcs8._.js:776
[   52188ms] [LOG] [Fast Refresh] done in 339ms @ http://localhost:3000/_next/static/chunks/node_modules_next_dist_1e8vcs8._.js:776
[   52251ms] [LOG] [Fast Refresh] done in 339ms @ http://localhost:3000/_next/static/chunks/node_modules_next_dist_1e8vcs8._.js:776
[   52309ms] [LOG] [Fast Refresh] done in 339ms @ http://localhost:3000/_next/static/chunks/node_modules_next_dist_1e8vcs8._.js:776
[   52368ms] [LOG] [Fast Refresh] done in 339ms @ http://localhost:3000/_next/static/chunks/node_modules_next_dist_1e8vcs8._.js:776
[   52437ms] [LOG] [Fast Refresh] done in 339ms @ http://localhost:3000/_next/static/chunks/node_modules_next_dist_1e8vcs8._.js:776
[   52500ms] [LOG] [Fast Refresh] done in 339ms @ http://localhost:3000/_next/static/chunks/node_modules_next_dist_1e8vcs8._.js:776
[   52555ms] [LOG] [Fast Refresh] done in 339ms @ http://localhost:3000/_next/static/chunks/node_modules_next_dist_1e8vcs8._.js:776
[   52629ms] [LOG] [Fast Refresh] done in 339ms @ http://localhost:3000/_next/static/chunks/node_modules_next_dist_1e8vcs8._.js:776
[   52691ms] [LOG] [Fast Refresh] done in 339ms @ http://localhost:3000/_next/static/chunks/node_modules_next_dist_1e8vcs8._.js:776
[   52747ms] [LOG] [Fast Refresh] done in 339ms @ http://localhost:3000/_next/static/chunks/node_modules_next_dist_1e8vcs8._.js:776
[   52806ms] [LOG] [Fast Refresh] done in 339ms @ http://localhost:3000/_next/static/chunks/node_modules_next_dist_1e8vcs8._.js:776
[   52866ms] [LOG] [Fast Refresh] done in 339ms @ http://localhost:3000/_next/static/chunks/node_modules_next_dist_1e8vcs8._.js:776
[   52923ms] [LOG] [Fast Refresh] done in 339ms @ http://localhost:3000/_next/static/chunks/node_modules_next_dist_1e8vcs8._.js:776
[   52984ms] [LOG] [Fast Refresh] done in 339ms @ http://localhost:3000/_next/static/chunks/node_modules_next_dist_1e8vcs8._.js:776
[   53039ms] [LOG] [Fast Refresh] done in 339ms @ http://localhost:3000/_next/static/chunks/node_modules_next_dist_1e8vcs8._.js:776
[   53093ms] [LOG] [Fast Refresh] done in 339ms @ http://localhost:3000/_next/static/chunks/node_modules_next_dist_1e8vcs8._.js:776
[   53150ms] [LOG] [Fast Refresh] done in 339ms @ http://localhost:3000/_next/static/chunks/node_modules_next_dist_1e8vcs8._.js:776
[   53208ms] [LOG] [Fast Refresh] done in 339ms @ http://localhost:3000/_next/static/chunks/node_modules_next_dist_1e8vcs8._.js:776
[   53273ms] [LOG] [Fast Refresh] done in 339ms @ http://localhost:3000/_next/static/chunks/node_modules_next_dist_1e8vcs8._.js:776
[   53327ms] [LOG] [Fast Refresh] done in 339ms @ http://localhost:3000/_next/static/chunks/node_modules_next_dist_1e8vcs8._.js:776
[   53422ms] [LOG] [Fast Refresh] done in 339ms @ http://localhost:3000/_next/static/chunks/node_modules_next_dist_1e8vcs8._.js:776
[   53486ms] [LOG] [Fast Refresh] done in 339ms @ http://localhost:3000/_next/static/chunks/node_modules_next_dist_1e8vcs8._.js:776
[   53544ms] [LOG] [Fast Refresh] done in 339ms @ http://localhost:3000/_next/static/chunks/node_modules_next_dist_1e8vcs8._.js:776
[   53599ms] [LOG] [Fast Refresh] done in 339ms @ http://localhost:3000/_next/static/chunks/node_modules_next_dist_1e8vcs8._.js:776
[   53660ms] [LOG] [Fast Refresh] done in 339ms @ http://localhost:3000/_next/static/chunks/node_modules_next_dist_1e8vcs8._.js:776
[   53728ms] [LOG] [Fast Refresh] done in 339ms @ http://localhost:3000/_next/static/chunks/node_modules_next_dist_1e8vcs8._.js:776
[   53788ms] [LOG] [Fast Refresh] done in 339ms @ http://localhost:3000/_next/static/chunks/node_modules_next_dist_1e8vcs8._.js:776
[   53842ms] [LOG] [Fast Refresh] done in 339ms @ http://localhost:3000/_next/static/chunks/node_modules_next_dist_1e8vcs8._.js:776
[   53897ms] [LOG] [Fast Refresh] done in 339ms @ http://localhost:3000/_next/static/chunks/node_modules_next_dist_1e8vcs8._.js:776
[   53950ms] [LOG] [Fast Refresh] done in 339ms @ http://localhost:3000/_next/static/chunks/node_modules_next_dist_1e8vcs8._.js:776
[   54010ms] [LOG] [Fast Refresh] done in 339ms @ http://localhost:3000/_next/static/chunks/node_modules_next_dist_1e8vcs8._.js:776
[   54069ms] [LOG] [Fast Refresh] done in 339ms @ http://localhost:3000/_next/static/chunks/node_modules_next_dist_1e8vcs8._.js:776
[   54151ms] [LOG] [Fast Refresh] done in 339ms @ http://localhost:3000/_next/static/chunks/node_modules_next_dist_1e8vcs8._.js:776
[   54214ms] [LOG] [Fast Refresh] done in 339ms @ http://localhost:3000/_next/static/chunks/node_modules_next_dist_1e8vcs8._.js:776
[   54268ms] [LOG] [Fast Refresh] done in 339ms @ http://localhost:3000/_next/static/chunks/node_modules_next_dist_1e8vcs8._.js:776
[   54321ms] [LOG] [Fast Refresh] done in 339ms @ http://localhost:3000/_next/static/chunks/node_modules_next_dist_1e8vcs8._.js:776
[   54377ms] [LOG] [Fast Refresh] done in 339ms @ http://localhost:3000/_next/static/chunks/node_modules_next_dist_1e8vcs8._.js:776
[   54443ms] [LOG] [Fast Refresh] done in 339ms @ http://localhost:3000/_next/static/chunks/node_modules_next_dist_1e8vcs8._.js:776
[   54506ms] [LOG] [Fast Refresh] done in 339ms @ http://localhost:3000/_next/static/chunks/node_modules_next_dist_1e8vcs8._.js:776
[   54562ms] [LOG] [Fast Refresh] done in 339ms @ http://localhost:3000/_next/static/chunks/node_modules_next_dist_1e8vcs8._.js:776
[   54627ms] [LOG] [Fast Refresh] done in 339ms @ http://localhost:3000/_next/static/chunks/node_modules_next_dist_1e8vcs8._.js:776
[   54681ms] [LOG] [Fast Refresh] done in 339ms @ http://localhost:3000/_next/static/chunks/node_modules_next_dist_1e8vcs8._.js:776
[   54737ms] [LOG] [Fast Refresh] done in 339ms @ http://localhost:3000/_next/static/chunks/node_modules_next_dist_1e8vcs8._.js:776
[   54797ms] [LOG] [Fast Refresh] done in 339ms @ http://localhost:3000/_next/static/chunks/node_modules_next_dist_1e8vcs8._.js:776
[   54846ms] [LOG] [Fast Refresh] done in 339ms @ http://localhost:3000/_next/static/chunks/node_modules_next_dist_1e8vcs8._.js:776
[   54907ms] [LOG] [Fast Refresh] done in 339ms @ http://localhost:3000/_next/static/chunks/node_modules_next_dist_1e8vcs8._.js:776
[   54958ms] [LOG] [Fast Refresh] done in 339ms @ http://localhost:3000/_next/static/chunks/node_modules_next_dist_1e8vcs8._.js:776
[   55013ms] [LOG] [Fast Refresh] done in 339ms @ http://localhost:3000/_next/static/chunks/node_modules_next_dist_1e8vcs8._.js:776
[   55073ms] [LOG] [Fast Refresh] done in 339ms @ http://localhost:3000/_next/static/chunks/node_modules_next_dist_1e8vcs8._.js:776
[   55142ms] [LOG] [Fast Refresh] done in 339ms @ http://localhost:3000/_next/static/chunks/node_modules_next_dist_1e8vcs8._.js:776
[   55212ms] [LOG] [Fast Refresh] done in 339ms @ http://localhost:3000/_next/static/chunks/node_modules_next_dist_1e8vcs8._.js:776
[   55259ms] [LOG] [Fast Refresh] done in 339ms @ http://localhost:3000/_next/static/chunks/node_modules_next_dist_1e8vcs8._.js:776
[   55334ms] [LOG] [Fast Refresh] done in 339ms @ http://localhost:3000/_next/static/chunks/node_modules_next_dist_1e8vcs8._.js:776
[   55390ms] [LOG] [Fast Refresh] done in 339ms @ http://localhost:3000/_next/static/chunks/node_modules_next_dist_1e8vcs8._.js:776
[   55456ms] [LOG] [Fast Refresh] done in 339ms @ http://localhost:3000/_next/static/chunks/node_modules_next_dist_1e8vcs8._.js:776
[   55519ms] [LOG] [Fast Refresh] done in 339ms @ http://localhost:3000/_next/static/chunks/node_modules_next_dist_1e8vcs8._.js:776
[   55588ms] [LOG] [Fast Refresh] done in 339ms @ http://localhost:3000/_next/static/chunks/node_modules_next_dist_1e8vcs8._.js:776
[   55653ms] [LOG] [Fast Refresh] done in 339ms @ http://localhost:3000/_next/static/chunks/node_modules_next_dist_1e8vcs8._.js:776
[   55719ms] [LOG] [Fast Refresh] done in 339ms @ http://localhost:3000/_next/static/chunks/node_modules_next_dist_1e8vcs8._.js:776
[   55779ms] [LOG] [Fast Refresh] done in 339ms @ http://localhost:3000/_next/static/chunks/node_modules_next_dist_1e8vcs8._.js:776
[   55840ms] [LOG] [Fast Refresh] done in 339ms @ http://localhost:3000/_next/static/chunks/node_modules_next_dist_1e8vcs8._.js:776
[   55915ms] [LOG] [Fast Refresh] done in 339ms @ http://localhost:3000/_next/static/chunks/node_modules_next_dist_1e8vcs8._.js:776
[   55969ms] [LOG] [Fast Refresh] done in 339ms @ http://localhost:3000/_next/static/chunks/node_modules_next_dist_1e8vcs8._.js:776
[   56031ms] [LOG] [Fast Refresh] done in 339ms @ http://localhost:3000/_next/static/chunks/node_modules_next_dist_1e8vcs8._.js:776
[   56083ms] [LOG] [Fast Refresh] done in 339ms @ http://localhost:3000/_next/static/chunks/node_modules_next_dist_1e8vcs8._.js:776
[   56143ms] [LOG] [Fast Refresh] done in 339ms @ http://localhost:3000/_next/static/chunks/node_modules_next_dist_1e8vcs8._.js:776
[   56201ms] [LOG] [Fast Refresh] done in 339ms @ http://localhost:3000/_next/static/chunks/node_modules_next_dist_1e8vcs8._.js:776
[   56257ms] [LOG] [Fast Refresh] done in 339ms @ http://localhost:3000/_next/static/chunks/node_modules_next_dist_1e8vcs8._.js:776
[   56317ms] [LOG] [Fast Refresh] done in 339ms @ http://localhost:3000/_next/static/chunks/node_modules_next_dist_1e8vcs8._.js:776
[   56363ms] [LOG] [Fast Refresh] done in 339ms @ http://localhost:3000/_next/static/chunks/node_modules_next_dist_1e8vcs8._.js:776
[   56413ms] [LOG] [Fast Refresh] done in 339ms @ http://localhost:3000/_next/static/chunks/node_modules_next_dist_1e8vcs8._.js:776
[   56471ms] [LOG] [Fast Refresh] done in 339ms @ http://localhost:3000/_next/static/chunks/node_modules_next_dist_1e8vcs8._.js:776
[   56543ms] [LOG] [Fast Refresh] done in 339ms @ http://localhost:3000/_next/static/chunks/node_modules_next_dist_1e8vcs8._.js:776
[   56601ms] [LOG] [Fast Refresh] done in 339ms @ http://localhost:3000/_next/static/chunks/node_modules_next_dist_1e8vcs8._.js:776
[   56672ms] [LOG] [Fast Refresh] done in 339ms @ http://localhost:3000/_next/static/chunks/node_modules_next_dist_1e8vcs8._.js:776
[   56734ms] [LOG] [Fast Refresh] done in 339ms @ http://localhost:3000/_next/static/chunks/node_modules_next_dist_1e8vcs8._.js:776
[   56797ms] [LOG] [Fast Refresh] done in 339ms @ http://localhost:3000/_next/static/chunks/node_modules_next_dist_1e8vcs8._.js:776
[   56863ms] [LOG] [Fast Refresh] done in 339ms @ http://localhost:3000/_next/static/chunks/node_modules_next_dist_1e8vcs8._.js:776
[   56930ms] [LOG] [Fast Refresh] done in 339ms @ http://localhost:3000/_next/static/chunks/node_modules_next_dist_1e8vcs8._.js:776
[   56989ms] [LOG] [Fast Refresh] done in 339ms @ http://localhost:3000/_next/static/chunks/node_modules_next_dist_1e8vcs8._.js:776
[   57056ms] [LOG] [Fast Refresh] done in 339ms @ http://localhost:3000/_next/static/chunks/node_modules_next_dist_1e8vcs8._.js:776
[   57117ms] [LOG] [Fast Refresh] done in 339ms @ http://localhost:3000/_next/static/chunks/node_modules_next_dist_1e8vcs8._.js:776
[   57170ms] [LOG] [Fast Refresh] done in 339ms @ http://localhost:3000/_next/static/chunks/node_modules_next_dist_1e8vcs8._.js:776
[   57235ms] [LOG] [Fast Refresh] done in 339ms @ http://localhost:3000/_next/static/chunks/node_modules_next_dist_1e8vcs8._.js:776
[   57297ms] [LOG] [Fast Refresh] done in 339ms @ http://localhost:3000/_next/static/chunks/node_modules_next_dist_1e8vcs8._.js:776
[   57355ms] [LOG] [Fast Refresh] done in 339ms @ http://localhost:3000/_next/static/chunks/node_modules_next_dist_1e8vcs8._.js:776
[   57417ms] [LOG] [Fast Refresh] done in 339ms @ http://localhost:3000/_next/static/chunks/node_modules_next_dist_1e8vcs8._.js:776
[   57482ms] [LOG] [Fast Refresh] done in 339ms @ http://localhost:3000/_next/static/chunks/node_modules_next_dist_1e8vcs8._.js:776
[   57549ms] [LOG] [Fast Refresh] done in 339ms @ http://localhost:3000/_next/static/chunks/node_modules_next_dist_1e8vcs8._.js:776
[   57611ms] [LOG] [Fast Refresh] done in 339ms @ http://localhost:3000/_next/static/chunks/node_modules_next_dist_1e8vcs8._.js:776
[   57668ms] [LOG] [Fast Refresh] done in 339ms @ http://localhost:3000/_next/static/chunks/node_modules_next_dist_1e8vcs8._.js:776
[   57719ms] [LOG] [Fast Refresh] done in 339ms @ http://localhost:3000/_next/static/chunks/node_modules_next_dist_1e8vcs8._.js:776
[   57778ms] [LOG] [Fast Refresh] done in 339ms @ http://localhost:3000/_next/static/chunks/node_modules_next_dist_1e8vcs8._.js:776
[   57834ms] [LOG] [Fast Refresh] done in 339ms @ http://localhost:3000/_next/static/chunks/node_modules_next_dist_1e8vcs8._.js:776
[   57901ms] [LOG] [Fast Refresh] done in 339ms @ http://localhost:3000/_next/static/chunks/node_modules_next_dist_1e8vcs8._.js:776
[   57967ms] [LOG] [Fast Refresh] done in 339ms @ http://localhost:3000/_next/static/chunks/node_modules_next_dist_1e8vcs8._.js:776
[   58193ms] [LOG] [Fast Refresh] rebuilding @ http://localhost:3000/_next/static/chunks/node_modules_next_dist_1e8vcs8._.js:776
[   58332ms] [LOG] [Fast Refresh] done in 241ms @ http://localhost:3000/_next/static/chunks/node_modules_next_dist_1e8vcs8._.js:776
[   91310ms] [LOG] [Fast Refresh] rebuilding @ http://localhost:3000/_next/static/chunks/node_modules_next_dist_1e8vcs8._.js:776
[   92477ms] [LOG] [Fast Refresh] done in 919ms @ http://localhost:3000/_next/static/chunks/node_modules_next_dist_1e8vcs8._.js:776
[   92550ms] [LOG] [Fast Refresh] done in 919ms @ http://localhost:3000/_next/static/chunks/node_modules_next_dist_1e8vcs8._.js:776
[   92607ms] [LOG] [Fast Refresh] done in 919ms @ http://localhost:3000/_next/static/chunks/node_modules_next_dist_1e8vcs8._.js:776
[   92673ms] [LOG] [Fast Refresh] done in 919ms @ http://localhost:3000/_next/static/chunks/node_modules_next_dist_1e8vcs8._.js:776
[   92747ms] [LOG] [Fast Refresh] done in 919ms @ http://localhost:3000/_next/static/chunks/node_modules_next_dist_1e8vcs8._.js:776
[   92804ms] [LOG] [Fast Refresh] done in 919ms @ http://localhost:3000/_next/static/chunks/node_modules_next_dist_1e8vcs8._.js:776
[   92862ms] [LOG] [Fast Refresh] done in 919ms @ http://localhost:3000/_next/static/chunks/node_modules_next_dist_1e8vcs8._.js:776
[   92910ms] [LOG] [Fast Refresh] done in 919ms @ http://localhost:3000/_next/static/chunks/node_modules_next_dist_1e8vcs8._.js:776
[   92966ms] [LOG] [Fast Refresh] done in 919ms @ http://localhost:3000/_next/static/chunks/node_modules_next_dist_1e8vcs8._.js:776
[   93014ms] [LOG] [Fast Refresh] done in 919ms @ http://localhost:3000/_next/static/chunks/node_modules_next_dist_1e8vcs8._.js:776
[   93084ms] [LOG] [Fast Refresh] done in 919ms @ http://localhost:3000/_next/static/chunks/node_modules_next_dist_1e8vcs8._.js:776
[   93149ms] [LOG] [Fast Refresh] done in 919ms @ http://localhost:3000/_next/static/chunks/node_modules_next_dist_1e8vcs8._.js:776
[   93199ms] [LOG] [Fast Refresh] done in 919ms @ http://localhost:3000/_next/static/chunks/node_modules_next_dist_1e8vcs8._.js:776
[   93257ms] [LOG] [Fast Refresh] done in 919ms @ http://localhost:3000/_next/static/chunks/node_modules_next_dist_1e8vcs8._.js:776
[   93334ms] [LOG] [Fast Refresh] done in 919ms @ http://localhost:3000/_next/static/chunks/node_modules_next_dist_1e8vcs8._.js:776
[   93395ms] [LOG] [Fast Refresh] done in 919ms @ http://localhost:3000/_next/static/chunks/node_modules_next_dist_1e8vcs8._.js:776
[   93454ms] [LOG] [Fast Refresh] done in 919ms @ http://localhost:3000/_next/static/chunks/node_modules_next_dist_1e8vcs8._.js:776
[   93506ms] [LOG] [Fast Refresh] done in 919ms @ http://localhost:3000/_next/static/chunks/node_modules_next_dist_1e8vcs8._.js:776
[   93561ms] [LOG] [Fast Refresh] done in 919ms @ http://localhost:3000/_next/static/chunks/node_modules_next_dist_1e8vcs8._.js:776
[   93617ms] [LOG] [Fast Refresh] done in 919ms @ http://localhost:3000/_next/static/chunks/node_modules_next_dist_1e8vcs8._.js:776
[   93671ms] [LOG] [Fast Refresh] done in 919ms @ http://localhost:3000/_next/static/chunks/node_modules_next_dist_1e8vcs8._.js:776
[   93737ms] [LOG] [Fast Refresh] done in 919ms @ http://localhost:3000/_next/static/chunks/node_modules_next_dist_1e8vcs8._.js:776
[   93795ms] [LOG] [Fast Refresh] done in 919ms @ http://localhost:3000/_next/static/chunks/node_modules_next_dist_1e8vcs8._.js:776
[   93856ms] [LOG] [Fast Refresh] done in 919ms @ http://localhost:3000/_next/static/chunks/node_modules_next_dist_1e8vcs8._.js:776
[   93908ms] [LOG] [Fast Refresh] done in 919ms @ http://localhost:3000/_next/static/chunks/node_modules_next_dist_1e8vcs8._.js:776
[   93967ms] [LOG] [Fast Refresh] done in 919ms @ http://localhost:3000/_next/static/chunks/node_modules_next_dist_1e8vcs8._.js:776
[   94034ms] [LOG] [Fast Refresh] done in 919ms @ http://localhost:3000/_next/static/chunks/node_modules_next_dist_1e8vcs8._.js:776
[   94083ms] [LOG] [Fast Refresh] done in 919ms @ http://localhost:3000/_next/static/chunks/node_modules_next_dist_1e8vcs8._.js:776
[   94135ms] [LOG] [Fast Refresh] done in 919ms @ http://localhost:3000/_next/static/chunks/node_modules_next_dist_1e8vcs8._.js:776
[   94196ms] [LOG] [Fast Refresh] done in 919ms @ http://localhost:3000/_next/static/chunks/node_modules_next_dist_1e8vcs8._.js:776
[   94253ms] [LOG] [Fast Refresh] done in 919ms @ http://localhost:3000/_next/static/chunks/node_modules_next_dist_1e8vcs8._.js:776
[   94315ms] [LOG] [Fast Refresh] done in 919ms @ http://localhost:3000/_next/static/chunks/node_modules_next_dist_1e8vcs8._.js:776
[   94367ms] [LOG] [Fast Refresh] done in 919ms @ http://localhost:3000/_next/static/chunks/node_modules_next_dist_1e8vcs8._.js:776
[   94415ms] [LOG] [Fast Refresh] done in 919ms @ http://localhost:3000/_next/static/chunks/node_modules_next_dist_1e8vcs8._.js:776
[   94464ms] [LOG] [Fast Refresh] done in 919ms @ http://localhost:3000/_next/static/chunks/node_modules_next_dist_1e8vcs8._.js:776
[   94524ms] [LOG] [Fast Refresh] done in 919ms @ http://localhost:3000/_next/static/chunks/node_modules_next_dist_1e8vcs8._.js:776
[   94590ms] [LOG] [Fast Refresh] done in 919ms @ http://localhost:3000/_next/static/chunks/node_modules_next_dist_1e8vcs8._.js:776
[   94658ms] [LOG] [Fast Refresh] done in 919ms @ http://localhost:3000/_next/static/chunks/node_modules_next_dist_1e8vcs8._.js:776
[   94707ms] [LOG] [Fast Refresh] done in 919ms @ http://localhost:3000/_next/static/chunks/node_modules_next_dist_1e8vcs8._.js:776
[   94779ms] [LOG] [Fast Refresh] done in 919ms @ http://localhost:3000/_next/static/chunks/node_modules_next_dist_1e8vcs8._.js:776
[   94844ms] [LOG] [Fast Refresh] done in 919ms @ http://localhost:3000/_next/static/chunks/node_modules_next_dist_1e8vcs8._.js:776
[   94913ms] [LOG] [Fast Refresh] done in 919ms @ http://localhost:3000/_next/static/chunks/node_modules_next_dist_1e8vcs8._.js:776
[   94973ms] [LOG] [Fast Refresh] done in 919ms @ http://localhost:3000/_next/static/chunks/node_modules_next_dist_1e8vcs8._.js:776
[   95032ms] [LOG] [Fast Refresh] done in 919ms @ http://localhost:3000/_next/static/chunks/node_modules_next_dist_1e8vcs8._.js:776
[   95085ms] [LOG] [Fast Refresh] done in 919ms @ http://localhost:3000/_next/static/chunks/node_modules_next_dist_1e8vcs8._.js:776
[   95137ms] [LOG] [Fast Refresh] done in 919ms @ http://localhost:3000/_next/static/chunks/node_modules_next_dist_1e8vcs8._.js:776
[   95183ms] [LOG] [Fast Refresh] done in 919ms @ http://localhost:3000/_next/static/chunks/node_modules_next_dist_1e8vcs8._.js:776
[   95242ms] [LOG] [Fast Refresh] done in 919ms @ http://localhost:3000/_next/static/chunks/node_modules_next_dist_1e8vcs8._.js:776
[   95306ms] [LOG] [Fast Refresh] done in 919ms @ http://localhost:3000/_next/static/chunks/node_modules_next_dist_1e8vcs8._.js:776
[   95363ms] [LOG] [Fast Refresh] done in 919ms @ http://localhost:3000/_next/static/chunks/node_modules_next_dist_1e8vcs8._.js:776
[   95426ms] [LOG] [Fast Refresh] done in 919ms @ http://localhost:3000/_next/static/chunks/node_modules_next_dist_1e8vcs8._.js:776
[   95478ms] [LOG] [Fast Refresh] done in 919ms @ http://localhost:3000/_next/static/chunks/node_modules_next_dist_1e8vcs8._.js:776
[   95545ms] [LOG] [Fast Refresh] done in 919ms @ http://localhost:3000/_next/static/chunks/node_modules_next_dist_1e8vcs8._.js:776
[   95603ms] [LOG] [Fast Refresh] done in 919ms @ http://localhost:3000/_next/static/chunks/node_modules_next_dist_1e8vcs8._.js:776
[   95654ms] [LOG] [Fast Refresh] done in 919ms @ http://localhost:3000/_next/static/chunks/node_modules_next_dist_1e8vcs8._.js:776
[   95714ms] [LOG] [Fast Refresh] done in 919ms @ http://localhost:3000/_next/static/chunks/node_modules_next_dist_1e8vcs8._.js:776
[   95771ms] [LOG] [Fast Refresh] done in 919ms @ http://localhost:3000/_next/static/chunks/node_modules_next_dist_1e8vcs8._.js:776
[   95819ms] [LOG] [Fast Refresh] done in 919ms @ http://localhost:3000/_next/static/chunks/node_modules_next_dist_1e8vcs8._.js:776
[   95885ms] [LOG] [Fast Refresh] done in 919ms @ http://localhost:3000/_next/static/chunks/node_modules_next_dist_1e8vcs8._.js:776
[   95933ms] [LOG] [Fast Refresh] done in 919ms @ http://localhost:3000/_next/static/chunks/node_modules_next_dist_1e8vcs8._.js:776
[   95983ms] [LOG] [Fast Refresh] done in 919ms @ http://localhost:3000/_next/static/chunks/node_modules_next_dist_1e8vcs8._.js:776
[   96033ms] [LOG] [Fast Refresh] done in 919ms @ http://localhost:3000/_next/static/chunks/node_modules_next_dist_1e8vcs8._.js:776
[   96093ms] [LOG] [Fast Refresh] done in 919ms @ http://localhost:3000/_next/static/chunks/node_modules_next_dist_1e8vcs8._.js:776
[   96151ms] [LOG] [Fast Refresh] done in 919ms @ http://localhost:3000/_next/static/chunks/node_modules_next_dist_1e8vcs8._.js:776
[   96201ms] [LOG] [Fast Refresh] done in 919ms @ http://localhost:3000/_next/static/chunks/node_modules_next_dist_1e8vcs8._.js:776
[   96273ms] [LOG] [Fast Refresh] done in 919ms @ http://localhost:3000/_next/static/chunks/node_modules_next_dist_1e8vcs8._.js:776
[   96333ms] [LOG] [Fast Refresh] done in 919ms @ http://localhost:3000/_next/static/chunks/node_modules_next_dist_1e8vcs8._.js:776
[   96397ms] [LOG] [Fast Refresh] done in 919ms @ http://localhost:3000/_next/static/chunks/node_modules_next_dist_1e8vcs8._.js:776
[   96461ms] [LOG] [Fast Refresh] done in 919ms @ http://localhost:3000/_next/static/chunks/node_modules_next_dist_1e8vcs8._.js:776
[   96524ms] [LOG] [Fast Refresh] done in 919ms @ http://localhost:3000/_next/static/chunks/node_modules_next_dist_1e8vcs8._.js:776
[   96588ms] [LOG] [Fast Refresh] done in 919ms @ http://localhost:3000/_next/static/chunks/node_modules_next_dist_1e8vcs8._.js:776
[   96651ms] [LOG] [Fast Refresh] done in 919ms @ http://localhost:3000/_next/static/chunks/node_modules_next_dist_1e8vcs8._.js:776
[   96707ms] [LOG] [Fast Refresh] done in 919ms @ http://localhost:3000/_next/static/chunks/node_modules_next_dist_1e8vcs8._.js:776
[   96766ms] [LOG] [Fast Refresh] done in 919ms @ http://localhost:3000/_next/static/chunks/node_modules_next_dist_1e8vcs8._.js:776
[   96824ms] [LOG] [Fast Refresh] done in 919ms @ http://localhost:3000/_next/static/chunks/node_modules_next_dist_1e8vcs8._.js:776
[   96878ms] [LOG] [Fast Refresh] done in 919ms @ http://localhost:3000/_next/static/chunks/node_modules_next_dist_1e8vcs8._.js:776
[   96934ms] [LOG] [Fast Refresh] done in 919ms @ http://localhost:3000/_next/static/chunks/node_modules_next_dist_1e8vcs8._.js:776
[   96999ms] [LOG] [Fast Refresh] done in 919ms @ http://localhost:3000/_next/static/chunks/node_modules_next_dist_1e8vcs8._.js:776
[   97061ms] [LOG] [Fast Refresh] done in 919ms @ http://localhost:3000/_next/static/chunks/node_modules_next_dist_1e8vcs8._.js:776
[   97108ms] [LOG] [Fast Refresh] done in 919ms @ http://localhost:3000/_next/static/chunks/node_modules_next_dist_1e8vcs8._.js:776
[   97164ms] [LOG] [Fast Refresh] done in 919ms @ http://localhost:3000/_next/static/chunks/node_modules_next_dist_1e8vcs8._.js:776
[   97226ms] [LOG] [Fast Refresh] done in 919ms @ http://localhost:3000/_next/static/chunks/node_modules_next_dist_1e8vcs8._.js:776
[   97285ms] [LOG] [Fast Refresh] done in 919ms @ http://localhost:3000/_next/static/chunks/node_modules_next_dist_1e8vcs8._.js:776
[   97347ms] [LOG] [Fast Refresh] done in 919ms @ http://localhost:3000/_next/static/chunks/node_modules_next_dist_1e8vcs8._.js:776
[   97413ms] [LOG] [Fast Refresh] done in 919ms @ http://localhost:3000/_next/static/chunks/node_modules_next_dist_1e8vcs8._.js:776
[   97477ms] [LOG] [Fast Refresh] done in 919ms @ http://localhost:3000/_next/static/chunks/node_modules_next_dist_1e8vcs8._.js:776
[   97542ms] [LOG] [Fast Refresh] done in 919ms @ http://localhost:3000/_next/static/chunks/node_modules_next_dist_1e8vcs8._.js:776
[   97599ms] [LOG] [Fast Refresh] done in 919ms @ http://localhost:3000/_next/static/chunks/node_modules_next_dist_1e8vcs8._.js:776
[   97668ms] [LOG] [Fast Refresh] done in 919ms @ http://localhost:3000/_next/static/chunks/node_modules_next_dist_1e8vcs8._.js:776
[   97736ms] [LOG] [Fast Refresh] done in 919ms @ http://localhost:3000/_next/static/chunks/node_modules_next_dist_1e8vcs8._.js:776
[   97794ms] [LOG] [Fast Refresh] done in 919ms @ http://localhost:3000/_next/static/chunks/node_modules_next_dist_1e8vcs8._.js:776
[   97846ms] [LOG] [Fast Refresh] done in 919ms @ http://localhost:3000/_next/static/chunks/node_modules_next_dist_1e8vcs8._.js:776
[   97907ms] [LOG] [Fast Refresh] done in 919ms @ http://localhost:3000/_next/static/chunks/node_modules_next_dist_1e8vcs8._.js:776
[   97968ms] [LOG] [Fast Refresh] done in 919ms @ http://localhost:3000/_next/static/chunks/node_modules_next_dist_1e8vcs8._.js:776
[   98022ms] [LOG] [Fast Refresh] done in 919ms @ http://localhost:3000/_next/static/chunks/node_modules_next_dist_1e8vcs8._.js:776
[   98069ms] [LOG] [Fast Refresh] done in 919ms @ http://localhost:3000/_next/static/chunks/node_modules_next_dist_1e8vcs8._.js:776
[   98121ms] [LOG] [Fast Refresh] done in 919ms @ http://localhost:3000/_next/static/chunks/node_modules_next_dist_1e8vcs8._.js:776
[   98187ms] [LOG] [Fast Refresh] done in 919ms @ http://localhost:3000/_next/static/chunks/node_modules_next_dist_1e8vcs8._.js:776
[   98235ms] [LOG] [Fast Refresh] done in 919ms @ http://localhost:3000/_next/static/chunks/node_modules_next_dist_1e8vcs8._.js:776
[   98312ms] [LOG] [Fast Refresh] done in 919ms @ http://localhost:3000/_next/static/chunks/node_modules_next_dist_1e8vcs8._.js:776
[   98362ms] [LOG] [Fast Refresh] done in 919ms @ http://localhost:3000/_next/static/chunks/node_modules_next_dist_1e8vcs8._.js:776
[   98431ms] [LOG] [Fast Refresh] done in 919ms @ http://localhost:3000/_next/static/chunks/node_modules_next_dist_1e8vcs8._.js:776
[   98499ms] [LOG] [Fast Refresh] done in 919ms @ http://localhost:3000/_next/static/chunks/node_modules_next_dist_1e8vcs8._.js:776
[   98570ms] [LOG] [Fast Refresh] done in 919ms @ http://localhost:3000/_next/static/chunks/node_modules_next_dist_1e8vcs8._.js:776
[   98632ms] [LOG] [Fast Refresh] done in 919ms @ http://localhost:3000/_next/static/chunks/node_modules_next_dist_1e8vcs8._.js:776
[   98728ms] [LOG] [Fast Refresh] done in 919ms @ http://localhost:3000/_next/static/chunks/node_modules_next_dist_1e8vcs8._.js:776
[   98941ms] [LOG] [Fast Refresh] rebuilding @ http://localhost:3000/_next/static/chunks/node_modules_next_dist_1e8vcs8._.js:776
[   99734ms] [LOG] [Fast Refresh] done in 845ms @ http://localhost:3000/_next/static/chunks/node_modules_next_dist_1e8vcs8._.js:776
[   99793ms] [LOG] [Fast Refresh] done in 845ms @ http://localhost:3000/_next/static/chunks/node_modules_next_dist_1e8vcs8._.js:776
[   99857ms] [LOG] [Fast Refresh] done in 845ms @ http://localhost:3000/_next/static/chunks/node_modules_next_dist_1e8vcs8._.js:776
[   99908ms] [LOG] [Fast Refresh] done in 845ms @ http://localhost:3000/_next/static/chunks/node_modules_next_dist_1e8vcs8._.js:776
[   99961ms] [LOG] [Fast Refresh] done in 845ms @ http://localhost:3000/_next/static/chunks/node_modules_next_dist_1e8vcs8._.js:776
[  100016ms] [LOG] [Fast Refresh] done in 845ms @ http://localhost:3000/_next/static/chunks/node_modules_next_dist_1e8vcs8._.js:776
[  100072ms] [LOG] [Fast Refresh] done in 845ms @ http://localhost:3000/_next/static/chunks/node_modules_next_dist_1e8vcs8._.js:776
[  100127ms] [LOG] [Fast Refresh] done in 845ms @ http://localhost:3000/_next/static/chunks/node_modules_next_dist_1e8vcs8._.js:776
[  100179ms] [LOG] [Fast Refresh] done in 845ms @ http://localhost:3000/_next/static/chunks/node_modules_next_dist_1e8vcs8._.js:776
[  100228ms] [LOG] [Fast Refresh] done in 845ms @ http://localhost:3000/_next/static/chunks/node_modules_next_dist_1e8vcs8._.js:776
[  100292ms] [LOG] [Fast Refresh] done in 845ms @ http://localhost:3000/_next/static/chunks/node_modules_next_dist_1e8vcs8._.js:776
[  100349ms] [LOG] [Fast Refresh] done in 845ms @ http://localhost:3000/_next/static/chunks/node_modules_next_dist_1e8vcs8._.js:776
[  100400ms] [LOG] [Fast Refresh] done in 845ms @ http://localhost:3000/_next/static/chunks/node_modules_next_dist_1e8vcs8._.js:776
[  100460ms] [LOG] [Fast Refresh] done in 845ms @ http://localhost:3000/_next/static/chunks/node_modules_next_dist_1e8vcs8._.js:776
[  100514ms] [LOG] [Fast Refresh] done in 845ms @ http://localhost:3000/_next/static/chunks/node_modules_next_dist_1e8vcs8._.js:776
[  100572ms] [LOG] [Fast Refresh] done in 845ms @ http://localhost:3000/_next/static/chunks/node_modules_next_dist_1e8vcs8._.js:776
[  100620ms] [LOG] [Fast Refresh] done in 845ms @ http://localhost:3000/_next/static/chunks/node_modules_next_dist_1e8vcs8._.js:776
[  100676ms] [LOG] [Fast Refresh] done in 845ms @ http://localhost:3000/_next/static/chunks/node_modules_next_dist_1e8vcs8._.js:776
[  100744ms] [LOG] [Fast Refresh] done in 845ms @ http://localhost:3000/_next/static/chunks/node_modules_next_dist_1e8vcs8._.js:776
[  100795ms] [LOG] [Fast Refresh] done in 845ms @ http://localhost:3000/_next/static/chunks/node_modules_next_dist_1e8vcs8._.js:776
[  100848ms] [LOG] [Fast Refresh] done in 845ms @ http://localhost:3000/_next/static/chunks/node_modules_next_dist_1e8vcs8._.js:776
[  100904ms] [LOG] [Fast Refresh] done in 845ms @ http://localhost:3000/_next/static/chunks/node_modules_next_dist_1e8vcs8._.js:776
[  100960ms] [LOG] [Fast Refresh] done in 845ms @ http://localhost:3000/_next/static/chunks/node_modules_next_dist_1e8vcs8._.js:776
[  101009ms] [LOG] [Fast Refresh] done in 845ms @ http://localhost:3000/_next/static/chunks/node_modules_next_dist_1e8vcs8._.js:776
[  101064ms] [LOG] [Fast Refresh] done in 845ms @ http://localhost:3000/_next/static/chunks/node_modules_next_dist_1e8vcs8._.js:776
[  101126ms] [LOG] [Fast Refresh] done in 845ms @ http://localhost:3000/_next/static/chunks/node_modules_next_dist_1e8vcs8._.js:776
[  101187ms] [LOG] [Fast Refresh] done in 845ms @ http://localhost:3000/_next/static/chunks/node_modules_next_dist_1e8vcs8._.js:776
[  101245ms] [LOG] [Fast Refresh] done in 845ms @ http://localhost:3000/_next/static/chunks/node_modules_next_dist_1e8vcs8._.js:776
[  101313ms] [LOG] [Fast Refresh] done in 845ms @ http://localhost:3000/_next/static/chunks/node_modules_next_dist_1e8vcs8._.js:776
[  101363ms] [LOG] [Fast Refresh] done in 845ms @ http://localhost:3000/_next/static/chunks/node_modules_next_dist_1e8vcs8._.js:776
[  101427ms] [LOG] [Fast Refresh] done in 845ms @ http://localhost:3000/_next/static/chunks/node_modules_next_dist_1e8vcs8._.js:776
[  101486ms] [LOG] [Fast Refresh] done in 845ms @ http://localhost:3000/_next/static/chunks/node_modules_next_dist_1e8vcs8._.js:776
[  101554ms] [LOG] [Fast Refresh] done in 845ms @ http://localhost:3000/_next/static/chunks/node_modules_next_dist_1e8vcs8._.js:776
[  101618ms] [LOG] [Fast Refresh] done in 845ms @ http://localhost:3000/_next/static/chunks/node_modules_next_dist_1e8vcs8._.js:776
[  101677ms] [LOG] [Fast Refresh] done in 845ms @ http://localhost:3000/_next/static/chunks/node_modules_next_dist_1e8vcs8._.js:776
[  101725ms] [LOG] [Fast Refresh] done in 845ms @ http://localhost:3000/_next/static/chunks/node_modules_next_dist_1e8vcs8._.js:776
[  101791ms] [LOG] [Fast Refresh] done in 845ms @ http://localhost:3000/_next/static/chunks/node_modules_next_dist_1e8vcs8._.js:776
[  101845ms] [LOG] [Fast Refresh] done in 845ms @ http://localhost:3000/_next/static/chunks/node_modules_next_dist_1e8vcs8._.js:776
[  101902ms] [LOG] [Fast Refresh] done in 845ms @ http://localhost:3000/_next/static/chunks/node_modules_next_dist_1e8vcs8._.js:776
[  101970ms] [LOG] [Fast Refresh] done in 845ms @ http://localhost:3000/_next/static/chunks/node_modules_next_dist_1e8vcs8._.js:776
[  102036ms] [LOG] [Fast Refresh] done in 845ms @ http://localhost:3000/_next/static/chunks/node_modules_next_dist_1e8vcs8._.js:776
[  102094ms] [LOG] [Fast Refresh] done in 845ms @ http://localhost:3000/_next/static/chunks/node_modules_next_dist_1e8vcs8._.js:776
[  102145ms] [LOG] [Fast Refresh] done in 845ms @ http://localhost:3000/_next/static/chunks/node_modules_next_dist_1e8vcs8._.js:776
[  102197ms] [LOG] [Fast Refresh] done in 845ms @ http://localhost:3000/_next/static/chunks/node_modules_next_dist_1e8vcs8._.js:776
[  102258ms] [LOG] [Fast Refresh] done in 845ms @ http://localhost:3000/_next/static/chunks/node_modules_next_dist_1e8vcs8._.js:776
[  102322ms] [LOG] [Fast Refresh] done in 845ms @ http://localhost:3000/_next/static/chunks/node_modules_next_dist_1e8vcs8._.js:776
[  102382ms] [LOG] [Fast Refresh] done in 845ms @ http://localhost:3000/_next/static/chunks/node_modules_next_dist_1e8vcs8._.js:776
[  102434ms] [LOG] [Fast Refresh] done in 845ms @ http://localhost:3000/_next/static/chunks/node_modules_next_dist_1e8vcs8._.js:776
[  102490ms] [LOG] [Fast Refresh] done in 845ms @ http://localhost:3000/_next/static/chunks/node_modules_next_dist_1e8vcs8._.js:776
[  102551ms] [LOG] [Fast Refresh] done in 845ms @ http://localhost:3000/_next/static/chunks/node_modules_next_dist_1e8vcs8._.js:776
[  102597ms] [LOG] [Fast Refresh] done in 845ms @ http://localhost:3000/_next/static/chunks/node_modules_next_dist_1e8vcs8._.js:776
[  102640ms] [LOG] [Fast Refresh] done in 845ms @ http://localhost:3000/_next/static/chunks/node_modules_next_dist_1e8vcs8._.js:776
[  102704ms] [LOG] [Fast Refresh] done in 845ms @ http://localhost:3000/_next/static/chunks/node_modules_next_dist_1e8vcs8._.js:776
[  102759ms] [LOG] [Fast Refresh] done in 845ms @ http://localhost:3000/_next/static/chunks/node_modules_next_dist_1e8vcs8._.js:776
[  102808ms] [LOG] [Fast Refresh] done in 845ms @ http://localhost:3000/_next/static/chunks/node_modules_next_dist_1e8vcs8._.js:776
[  102863ms] [LOG] [Fast Refresh] done in 845ms @ http://localhost:3000/_next/static/chunks/node_modules_next_dist_1e8vcs8._.js:776
[  102932ms] [LOG] [Fast Refresh] done in 845ms @ http://localhost:3000/_next/static/chunks/node_modules_next_dist_1e8vcs8._.js:776
[  102992ms] [LOG] [Fast Refresh] done in 845ms @ http://localhost:3000/_next/static/chunks/node_modules_next_dist_1e8vcs8._.js:776
[  103045ms] [LOG] [Fast Refresh] done in 845ms @ http://localhost:3000/_next/static/chunks/node_modules_next_dist_1e8vcs8._.js:776
[  103099ms] [LOG] [Fast Refresh] done in 845ms @ http://localhost:3000/_next/static/chunks/node_modules_next_dist_1e8vcs8._.js:776
[  103155ms] [LOG] [Fast Refresh] done in 845ms @ http://localhost:3000/_next/static/chunks/node_modules_next_dist_1e8vcs8._.js:776
[  103218ms] [LOG] [Fast Refresh] done in 845ms @ http://localhost:3000/_next/static/chunks/node_modules_next_dist_1e8vcs8._.js:776
[  103281ms] [LOG] [Fast Refresh] done in 845ms @ http://localhost:3000/_next/static/chunks/node_modules_next_dist_1e8vcs8._.js:776
[  103353ms] [LOG] [Fast Refresh] done in 845ms @ http://localhost:3000/_next/static/chunks/node_modules_next_dist_1e8vcs8._.js:776
[  103425ms] [LOG] [Fast Refresh] done in 845ms @ http://localhost:3000/_next/static/chunks/node_modules_next_dist_1e8vcs8._.js:776
[  103481ms] [LOG] [Fast Refresh] done in 845ms @ http://localhost:3000/_next/static/chunks/node_modules_next_dist_1e8vcs8._.js:776
[  103537ms] [LOG] [Fast Refresh] done in 845ms @ http://localhost:3000/_next/static/chunks/node_modules_next_dist_1e8vcs8._.js:776
[  103606ms] [LOG] [Fast Refresh] done in 845ms @ http://localhost:3000/_next/static/chunks/node_modules_next_dist_1e8vcs8._.js:776
[  103655ms] [LOG] [Fast Refresh] done in 845ms @ http://localhost:3000/_next/static/chunks/node_modules_next_dist_1e8vcs8._.js:776
[  103711ms] [LOG] [Fast Refresh] done in 845ms @ http://localhost:3000/_next/static/chunks/node_modules_next_dist_1e8vcs8._.js:776
[  103773ms] [LOG] [Fast Refresh] done in 845ms @ http://localhost:3000/_next/static/chunks/node_modules_next_dist_1e8vcs8._.js:776
[  103830ms] [LOG] [Fast Refresh] done in 845ms @ http://localhost:3000/_next/static/chunks/node_modules_next_dist_1e8vcs8._.js:776
[  103891ms] [LOG] [Fast Refresh] done in 845ms @ http://localhost:3000/_next/static/chunks/node_modules_next_dist_1e8vcs8._.js:776
[  103934ms] [LOG] [Fast Refresh] done in 845ms @ http://localhost:3000/_next/static/chunks/node_modules_next_dist_1e8vcs8._.js:776
[  103992ms] [LOG] [Fast Refresh] done in 845ms @ http://localhost:3000/_next/static/chunks/node_modules_next_dist_1e8vcs8._.js:776
[  104046ms] [LOG] [Fast Refresh] done in 845ms @ http://localhost:3000/_next/static/chunks/node_modules_next_dist_1e8vcs8._.js:776
[  104107ms] [LOG] [Fast Refresh] done in 845ms @ http://localhost:3000/_next/static/chunks/node_modules_next_dist_1e8vcs8._.js:776
[  104160ms] [LOG] [Fast Refresh] done in 845ms @ http://localhost:3000/_next/static/chunks/node_modules_next_dist_1e8vcs8._.js:776
[  104220ms] [LOG] [Fast Refresh] done in 845ms @ http://localhost:3000/_next/static/chunks/node_modules_next_dist_1e8vcs8._.js:776
[  104264ms] [LOG] [Fast Refresh] done in 845ms @ http://localhost:3000/_next/static/chunks/node_modules_next_dist_1e8vcs8._.js:776
[  104322ms] [LOG] [Fast Refresh] done in 845ms @ http://localhost:3000/_next/static/chunks/node_modules_next_dist_1e8vcs8._.js:776
[  104377ms] [LOG] [Fast Refresh] done in 845ms @ http://localhost:3000/_next/static/chunks/node_modules_next_dist_1e8vcs8._.js:776
[  104455ms] [LOG] [Fast Refresh] done in 845ms @ http://localhost:3000/_next/static/chunks/node_modules_next_dist_1e8vcs8._.js:776
[  104517ms] [LOG] [Fast Refresh] done in 845ms @ http://localhost:3000/_next/static/chunks/node_modules_next_dist_1e8vcs8._.js:776
[  104578ms] [LOG] [Fast Refresh] done in 845ms @ http://localhost:3000/_next/static/chunks/node_modules_next_dist_1e8vcs8._.js:776
[  104625ms] [LOG] [Fast Refresh] done in 845ms @ http://localhost:3000/_next/static/chunks/node_modules_next_dist_1e8vcs8._.js:776
[  104676ms] [LOG] [Fast Refresh] done in 845ms @ http://localhost:3000/_next/static/chunks/node_modules_next_dist_1e8vcs8._.js:776
[  104734ms] [LOG] [Fast Refresh] done in 845ms @ http://localhost:3000/_next/static/chunks/node_modules_next_dist_1e8vcs8._.js:776
[  104787ms] [LOG] [Fast Refresh] done in 845ms @ http://localhost:3000/_next/static/chunks/node_modules_next_dist_1e8vcs8._.js:776
[  104849ms] [LOG] [Fast Refresh] done in 845ms @ http://localhost:3000/_next/static/chunks/node_modules_next_dist_1e8vcs8._.js:776
[  104900ms] [LOG] [Fast Refresh] done in 845ms @ http://localhost:3000/_next/static/chunks/node_modules_next_dist_1e8vcs8._.js:776
[  104967ms] [LOG] [Fast Refresh] done in 845ms @ http://localhost:3000/_next/static/chunks/node_modules_next_dist_1e8vcs8._.js:776
[  105022ms] [LOG] [Fast Refresh] done in 845ms @ http://localhost:3000/_next/static/chunks/node_modules_next_dist_1e8vcs8._.js:776
[  105069ms] [LOG] [Fast Refresh] done in 845ms @ http://localhost:3000/_next/static/chunks/node_modules_next_dist_1e8vcs8._.js:776
[  105127ms] [LOG] [Fast Refresh] done in 845ms @ http://localhost:3000/_next/static/chunks/node_modules_next_dist_1e8vcs8._.js:776
[  105185ms] [LOG] [Fast Refresh] done in 845ms @ http://localhost:3000/_next/static/chunks/node_modules_next_dist_1e8vcs8._.js:776
[  105235ms] [LOG] [Fast Refresh] done in 845ms @ http://localhost:3000/_next/static/chunks/node_modules_next_dist_1e8vcs8._.js:776
[  105291ms] [LOG] [Fast Refresh] done in 845ms @ http://localhost:3000/_next/static/chunks/node_modules_next_dist_1e8vcs8._.js:776
[  105349ms] [LOG] [Fast Refresh] done in 845ms @ http://localhost:3000/_next/static/chunks/node_modules_next_dist_1e8vcs8._.js:776
[  105416ms] [LOG] [Fast Refresh] done in 845ms @ http://localhost:3000/_next/static/chunks/node_modules_next_dist_1e8vcs8._.js:776
[  105471ms] [LOG] [Fast Refresh] done in 845ms @ http://localhost:3000/_next/static/chunks/node_modules_next_dist_1e8vcs8._.js:776
[  105529ms] [LOG] [Fast Refresh] done in 845ms @ http://localhost:3000/_next/static/chunks/node_modules_next_dist_1e8vcs8._.js:776
[  105587ms] [LOG] [Fast Refresh] done in 845ms @ http://localhost:3000/_next/static/chunks/node_modules_next_dist_1e8vcs8._.js:776
[  105639ms] [LOG] [Fast Refresh] done in 845ms @ http://localhost:3000/_next/static/chunks/node_modules_next_dist_1e8vcs8._.js:776
[  105687ms] [LOG] [Fast Refresh] done in 845ms @ http://localhost:3000/_next/static/chunks/node_modules_next_dist_1e8vcs8._.js:776
[  105757ms] [LOG] [Fast Refresh] done in 845ms @ http://localhost:3000/_next/static/chunks/node_modules_next_dist_1e8vcs8._.js:776
[  105823ms] [LOG] [Fast Refresh] done in 845ms @ http://localhost:3000/_next/static/chunks/node_modules_next_dist_1e8vcs8._.js:776
[  105879ms] [LOG] [Fast Refresh] done in 845ms @ http://localhost:3000/_next/static/chunks/node_modules_next_dist_1e8vcs8._.js:776
[  105947ms] [LOG] [Fast Refresh] done in 845ms @ http://localhost:3000/_next/static/chunks/node_modules_next_dist_1e8vcs8._.js:776
[  105992ms] [LOG] [Fast Refresh] done in 845ms @ http://localhost:3000/_next/static/chunks/node_modules_next_dist_1e8vcs8._.js:776
[  106045ms] [LOG] [Fast Refresh] done in 845ms @ http://localhost:3000/_next/static/chunks/node_modules_next_dist_1e8vcs8._.js:776
[  106111ms] [LOG] [Fast Refresh] done in 845ms @ http://localhost:3000/_next/static/chunks/node_modules_next_dist_1e8vcs8._.js:776
[  106170ms] [LOG] [Fast Refresh] done in 845ms @ http://localhost:3000/_next/static/chunks/node_modules_next_dist_1e8vcs8._.js:776
[  106242ms] [LOG] [Fast Refresh] done in 845ms @ http://localhost:3000/_next/static/chunks/node_modules_next_dist_1e8vcs8._.js:776
[  106311ms] [LOG] [Fast Refresh] done in 845ms @ http://localhost:3000/_next/static/chunks/node_modules_next_dist_1e8vcs8._.js:776
[  106364ms] [LOG] [Fast Refresh] done in 845ms @ http://localhost:3000/_next/static/chunks/node_modules_next_dist_1e8vcs8._.js:776
[  106425ms] [LOG] [Fast Refresh] done in 845ms @ http://localhost:3000/_next/static/chunks/node_modules_next_dist_1e8vcs8._.js:776
[  106478ms] [LOG] [Fast Refresh] done in 845ms @ http://localhost:3000/_next/static/chunks/node_modules_next_dist_1e8vcs8._.js:776
[  106547ms] [LOG] [Fast Refresh] done in 845ms @ http://localhost:3000/_next/static/chunks/node_modules_next_dist_1e8vcs8._.js:776
[  106610ms] [LOG] [Fast Refresh] done in 845ms @ http://localhost:3000/_next/static/chunks/node_modules_next_dist_1e8vcs8._.js:776
[  106667ms] [LOG] [Fast Refresh] done in 845ms @ http://localhost:3000/_next/static/chunks/node_modules_next_dist_1e8vcs8._.js:776
[  106731ms] [LOG] [Fast Refresh] done in 845ms @ http://localhost:3000/_next/static/chunks/node_modules_next_dist_1e8vcs8._.js:776
[  106781ms] [LOG] [Fast Refresh] done in 845ms @ http://localhost:3000/_next/static/chunks/node_modules_next_dist_1e8vcs8._.js:776
[  106835ms] [LOG] [Fast Refresh] done in 845ms @ http://localhost:3000/_next/static/chunks/node_modules_next_dist_1e8vcs8._.js:776
[  106891ms] [LOG] [Fast Refresh] done in 845ms @ http://localhost:3000/_next/static/chunks/node_modules_next_dist_1e8vcs8._.js:776
[  106951ms] [LOG] [Fast Refresh] done in 845ms @ http://localhost:3000/_next/static/chunks/node_modules_next_dist_1e8vcs8._.js:776
[  106997ms] [LOG] [Fast Refresh] done in 845ms @ http://localhost:3000/_next/static/chunks/node_modules_next_dist_1e8vcs8._.js:776
[  107056ms] [LOG] [Fast Refresh] done in 845ms @ http://localhost:3000/_next/static/chunks/node_modules_next_dist_1e8vcs8._.js:776
[  107122ms] [LOG] [Fast Refresh] done in 845ms @ http://localhost:3000/_next/static/chunks/node_modules_next_dist_1e8vcs8._.js:776
[  107183ms] [LOG] [Fast Refresh] done in 845ms @ http://localhost:3000/_next/static/chunks/node_modules_next_dist_1e8vcs8._.js:776
[  107254ms] [LOG] [Fast Refresh] done in 845ms @ http://localhost:3000/_next/static/chunks/node_modules_next_dist_1e8vcs8._.js:776
[  107305ms] [LOG] [Fast Refresh] done in 845ms @ http://localhost:3000/_next/static/chunks/node_modules_next_dist_1e8vcs8._.js:776
[  107359ms] [LOG] [Fast Refresh] done in 845ms @ http://localhost:3000/_next/static/chunks/node_modules_next_dist_1e8vcs8._.js:776
[  107427ms] [LOG] [Fast Refresh] done in 845ms @ http://localhost:3000/_next/static/chunks/node_modules_next_dist_1e8vcs8._.js:776
[  107479ms] [LOG] [Fast Refresh] done in 845ms @ http://localhost:3000/_next/static/chunks/node_modules_next_dist_1e8vcs8._.js:776
[  107547ms] [LOG] [Fast Refresh] done in 845ms @ http://localhost:3000/_next/static/chunks/node_modules_next_dist_1e8vcs8._.js:776
[  107617ms] [LOG] [Fast Refresh] done in 845ms @ http://localhost:3000/_next/static/chunks/node_modules_next_dist_1e8vcs8._.js:776
[  107671ms] [LOG] [Fast Refresh] done in 845ms @ http://localhost:3000/_next/static/chunks/node_modules_next_dist_1e8vcs8._.js:776
[  107725ms] [LOG] [Fast Refresh] done in 845ms @ http://localhost:3000/_next/static/chunks/node_modules_next_dist_1e8vcs8._.js:776
[  107792ms] [LOG] [Fast Refresh] done in 845ms @ http://localhost:3000/_next/static/chunks/node_modules_next_dist_1e8vcs8._.js:776
[  107848ms] [LOG] [Fast Refresh] done in 845ms @ http://localhost:3000/_next/static/chunks/node_modules_next_dist_1e8vcs8._.js:776
[  107911ms] [LOG] [Fast Refresh] done in 845ms @ http://localhost:3000/_next/static/chunks/node_modules_next_dist_1e8vcs8._.js:776
[  107955ms] [LOG] [Fast Refresh] done in 845ms @ http://localhost:3000/_next/static/chunks/node_modules_next_dist_1e8vcs8._.js:776
[  108001ms] [LOG] [Fast Refresh] done in 845ms @ http://localhost:3000/_next/static/chunks/node_modules_next_dist_1e8vcs8._.js:776
[  108066ms] [LOG] [Fast Refresh] done in 845ms @ http://localhost:3000/_next/static/chunks/node_modules_next_dist_1e8vcs8._.js:776
[  108120ms] [LOG] [Fast Refresh] done in 845ms @ http://localhost:3000/_next/static/chunks/node_modules_next_dist_1e8vcs8._.js:776
[  108183ms] [LOG] [Fast Refresh] done in 845ms @ http://localhost:3000/_next/static/chunks/node_modules_next_dist_1e8vcs8._.js:776
[  108252ms] [LOG] [Fast Refresh] done in 845ms @ http://localhost:3000/_next/static/chunks/node_modules_next_dist_1e8vcs8._.js:776
[  108313ms] [LOG] [Fast Refresh] done in 845ms @ http://localhost:3000/_next/static/chunks/node_modules_next_dist_1e8vcs8._.js:776
[  108362ms] [LOG] [Fast Refresh] done in 845ms @ http://localhost:3000/_next/static/chunks/node_modules_next_dist_1e8vcs8._.js:776
[  108418ms] [LOG] [Fast Refresh] done in 845ms @ http://localhost:3000/_next/static/chunks/node_modules_next_dist_1e8vcs8._.js:776
[  108482ms] [LOG] [Fast Refresh] done in 845ms @ http://localhost:3000/_next/static/chunks/node_modules_next_dist_1e8vcs8._.js:776
[  108537ms] [LOG] [Fast Refresh] done in 845ms @ http://localhost:3000/_next/static/chunks/node_modules_next_dist_1e8vcs8._.js:776
[  108591ms] [LOG] [Fast Refresh] done in 845ms @ http://localhost:3000/_next/static/chunks/node_modules_next_dist_1e8vcs8._.js:776
[  108642ms] [LOG] [Fast Refresh] done in 845ms @ http://localhost:3000/_next/static/chunks/node_modules_next_dist_1e8vcs8._.js:776
[  108691ms] [LOG] [Fast Refresh] done in 845ms @ http://localhost:3000/_next/static/chunks/node_modules_next_dist_1e8vcs8._.js:776
[  108752ms] [LOG] [Fast Refresh] done in 845ms @ http://localhost:3000/_next/static/chunks/node_modules_next_dist_1e8vcs8._.js:776
[  108808ms] [LOG] [Fast Refresh] done in 845ms @ http://localhost:3000/_next/static/chunks/node_modules_next_dist_1e8vcs8._.js:776
[  108877ms] [LOG] [Fast Refresh] done in 845ms @ http://localhost:3000/_next/static/chunks/node_modules_next_dist_1e8vcs8._.js:776
[  108926ms] [LOG] [Fast Refresh] done in 845ms @ http://localhost:3000/_next/static/chunks/node_modules_next_dist_1e8vcs8._.js:776
[  108983ms] [LOG] [Fast Refresh] done in 845ms @ http://localhost:3000/_next/static/chunks/node_modules_next_dist_1e8vcs8._.js:776
[  109034ms] [LOG] [Fast Refresh] done in 845ms @ http://localhost:3000/_next/static/chunks/node_modules_next_dist_1e8vcs8._.js:776
[  109088ms] [LOG] [Fast Refresh] done in 845ms @ http://localhost:3000/_next/static/chunks/node_modules_next_dist_1e8vcs8._.js:776
[  109149ms] [LOG] [Fast Refresh] done in 845ms @ http://localhost:3000/_next/static/chunks/node_modules_next_dist_1e8vcs8._.js:776
[  109211ms] [LOG] [Fast Refresh] done in 845ms @ http://localhost:3000/_next/static/chunks/node_modules_next_dist_1e8vcs8._.js:776
[  109268ms] [LOG] [Fast Refresh] done in 845ms @ http://localhost:3000/_next/static/chunks/node_modules_next_dist_1e8vcs8._.js:776
[  109328ms] [LOG] [Fast Refresh] done in 845ms @ http://localhost:3000/_next/static/chunks/node_modules_next_dist_1e8vcs8._.js:776
[  109377ms] [LOG] [Fast Refresh] done in 845ms @ http://localhost:3000/_next/static/chunks/node_modules_next_dist_1e8vcs8._.js:776
[  109430ms] [LOG] [Fast Refresh] done in 845ms @ http://localhost:3000/_next/static/chunks/node_modules_next_dist_1e8vcs8._.js:776
[  109489ms] [LOG] [Fast Refresh] done in 845ms @ http://localhost:3000/_next/static/chunks/node_modules_next_dist_1e8vcs8._.js:776
[  109545ms] [LOG] [Fast Refresh] done in 845ms @ http://localhost:3000/_next/static/chunks/node_modules_next_dist_1e8vcs8._.js:776
[  109604ms] [LOG] [Fast Refresh] done in 845ms @ http://localhost:3000/_next/static/chunks/node_modules_next_dist_1e8vcs8._.js:776
[  109660ms] [LOG] [Fast Refresh] done in 845ms @ http://localhost:3000/_next/static/chunks/node_modules_next_dist_1e8vcs8._.js:776
[  109711ms] [LOG] [Fast Refresh] done in 845ms @ http://localhost:3000/_next/static/chunks/node_modules_next_dist_1e8vcs8._.js:776
[  109759ms] [LOG] [Fast Refresh] done in 845ms @ http://localhost:3000/_next/static/chunks/node_modules_next_dist_1e8vcs8._.js:776
[  109808ms] [LOG] [Fast Refresh] done in 845ms @ http://localhost:3000/_next/static/chunks/node_modules_next_dist_1e8vcs8._.js:776
[  109868ms] [LOG] [Fast Refresh] done in 845ms @ http://localhost:3000/_next/static/chunks/node_modules_next_dist_1e8vcs8._.js:776
[  109928ms] [LOG] [Fast Refresh] done in 845ms @ http://localhost:3000/_next/static/chunks/node_modules_next_dist_1e8vcs8._.js:776
[  109993ms] [LOG] [Fast Refresh] done in 845ms @ http://localhost:3000/_next/static/chunks/node_modules_next_dist_1e8vcs8._.js:776
[  110063ms] [LOG] [Fast Refresh] done in 845ms @ http://localhost:3000/_next/static/chunks/node_modules_next_dist_1e8vcs8._.js:776
[  110127ms] [LOG] [Fast Refresh] done in 845ms @ http://localhost:3000/_next/static/chunks/node_modules_next_dist_1e8vcs8._.js:776
[  110195ms] [LOG] [Fast Refresh] done in 845ms @ http://localhost:3000/_next/static/chunks/node_modules_next_dist_1e8vcs8._.js:776
[  110255ms] [LOG] [Fast Refresh] done in 845ms @ http://localhost:3000/_next/static/chunks/node_modules_next_dist_1e8vcs8._.js:776
[  110300ms] [LOG] [Fast Refresh] done in 845ms @ http://localhost:3000/_next/static/chunks/node_modules_next_dist_1e8vcs8._.js:776
[  110359ms] [LOG] [Fast Refresh] done in 845ms @ http://localhost:3000/_next/static/chunks/node_modules_next_dist_1e8vcs8._.js:776
[  110415ms] [LOG] [Fast Refresh] done in 845ms @ http://localhost:3000/_next/static/chunks/node_modules_next_dist_1e8vcs8._.js:776
[  110482ms] [LOG] [Fast Refresh] done in 845ms @ http://localhost:3000/_next/static/chunks/node_modules_next_dist_1e8vcs8._.js:776
[  110533ms] [LOG] [Fast Refresh] done in 845ms @ http://localhost:3000/_next/static/chunks/node_modules_next_dist_1e8vcs8._.js:776
[  110596ms] [LOG] [Fast Refresh] done in 845ms @ http://localhost:3000/_next/static/chunks/node_modules_next_dist_1e8vcs8._.js:776
[  110644ms] [LOG] [Fast Refresh] done in 845ms @ http://localhost:3000/_next/static/chunks/node_modules_next_dist_1e8vcs8._.js:776
[  110699ms] [LOG] [Fast Refresh] done in 845ms @ http://localhost:3000/_next/static/chunks/node_modules_next_dist_1e8vcs8._.js:776
[  110749ms] [LOG] [Fast Refresh] done in 845ms @ http://localhost:3000/_next/static/chunks/node_modules_next_dist_1e8vcs8._.js:776
[  110818ms] [LOG] [Fast Refresh] done in 845ms @ http://localhost:3000/_next/static/chunks/node_modules_next_dist_1e8vcs8._.js:776
[  110877ms] [LOG] [Fast Refresh] done in 845ms @ http://localhost:3000/_next/static/chunks/node_modules_next_dist_1e8vcs8._.js:776
[  110934ms] [LOG] [Fast Refresh] done in 845ms @ http://localhost:3000/_next/static/chunks/node_modules_next_dist_1e8vcs8._.js:776
[  111009ms] [LOG] [Fast Refresh] done in 845ms @ http://localhost:3000/_next/static/chunks/node_modules_next_dist_1e8vcs8._.js:776
[  111063ms] [LOG] [Fast Refresh] done in 845ms @ http://localhost:3000/_next/static/chunks/node_modules_next_dist_1e8vcs8._.js:776
[  111131ms] [LOG] [Fast Refresh] done in 845ms @ http://localhost:3000/_next/static/chunks/node_modules_next_dist_1e8vcs8._.js:776
[  111184ms] [LOG] [Fast Refresh] done in 845ms @ http://localhost:3000/_next/static/chunks/node_modules_next_dist_1e8vcs8._.js:776
[  111242ms] [LOG] [Fast Refresh] done in 845ms @ http://localhost:3000/_next/static/chunks/node_modules_next_dist_1e8vcs8._.js:776
[  111314ms] [LOG] [Fast Refresh] done in 845ms @ http://localhost:3000/_next/static/chunks/node_modules_next_dist_1e8vcs8._.js:776
[  111372ms] [LOG] [Fast Refresh] done in 845ms @ http://localhost:3000/_next/static/chunks/node_modules_next_dist_1e8vcs8._.js:776
[  111431ms] [LOG] [Fast Refresh] done in 845ms @ http://localhost:3000/_next/static/chunks/node_modules_next_dist_1e8vcs8._.js:776
[  111497ms] [LOG] [Fast Refresh] done in 845ms @ http://localhost:3000/_next/static/chunks/node_modules_next_dist_1e8vcs8._.js:776
[  111559ms] [LOG] [Fast Refresh] done in 845ms @ http://localhost:3000/_next/static/chunks/node_modules_next_dist_1e8vcs8._.js:776
[  111625ms] [LOG] [Fast Refresh] done in 845ms @ http://localhost:3000/_next/static/chunks/node_modules_next_dist_1e8vcs8._.js:776
[  111672ms] [LOG] [Fast Refresh] done in 845ms @ http://localhost:3000/_next/static/chunks/node_modules_next_dist_1e8vcs8._.js:776
[  111737ms] [LOG] [Fast Refresh] done in 845ms @ http://localhost:3000/_next/static/chunks/node_modules_next_dist_1e8vcs8._.js:776
[  111794ms] [LOG] [Fast Refresh] done in 845ms @ http://localhost:3000/_next/static/chunks/node_modules_next_dist_1e8vcs8._.js:776
[  111846ms] [LOG] [Fast Refresh] done in 845ms @ http://localhost:3000/_next/static/chunks/node_modules_next_dist_1e8vcs8._.js:776
[  111909ms] [LOG] [Fast Refresh] done in 845ms @ http://localhost:3000/_next/static/chunks/node_modules_next_dist_1e8vcs8._.js:776
[  111956ms] [LOG] [Fast Refresh] done in 845ms @ http://localhost:3000/_next/static/chunks/node_modules_next_dist_1e8vcs8._.js:776
[  112017ms] [LOG] [Fast Refresh] done in 845ms @ http://localhost:3000/_next/static/chunks/node_modules_next_dist_1e8vcs8._.js:776
[  112079ms] [LOG] [Fast Refresh] done in 845ms @ http://localhost:3000/_next/static/chunks/node_modules_next_dist_1e8vcs8._.js:776
[  112137ms] [LOG] [Fast Refresh] done in 845ms @ http://localhost:3000/_next/static/chunks/node_modules_next_dist_1e8vcs8._.js:776
[  112203ms] [LOG] [Fast Refresh] done in 845ms @ http://localhost:3000/_next/static/chunks/node_modules_next_dist_1e8vcs8._.js:776
[  112252ms] [LOG] [Fast Refresh] done in 845ms @ http://localhost:3000/_next/static/chunks/node_modules_next_dist_1e8vcs8._.js:776
[  112319ms] [LOG] [Fast Refresh] done in 845ms @ http://localhost:3000/_next/static/chunks/node_modules_next_dist_1e8vcs8._.js:776
[  112373ms] [LOG] [Fast Refresh] done in 845ms @ http://localhost:3000/_next/static/chunks/node_modules_next_dist_1e8vcs8._.js:776
[  112432ms] [LOG] [Fast Refresh] done in 845ms @ http://localhost:3000/_next/static/chunks/node_modules_next_dist_1e8vcs8._.js:776
[  112489ms] [LOG] [Fast Refresh] done in 845ms @ http://localhost:3000/_next/static/chunks/node_modules_next_dist_1e8vcs8._.js:776
[  112539ms] [LOG] [Fast Refresh] done in 845ms @ http://localhost:3000/_next/static/chunks/node_modules_next_dist_1e8vcs8._.js:776
[  112585ms] [LOG] [Fast Refresh] done in 845ms @ http://localhost:3000/_next/static/chunks/node_modules_next_dist_1e8vcs8._.js:776
[  112643ms] [LOG] [Fast Refresh] done in 845ms @ http://localhost:3000/_next/static/chunks/node_modules_next_dist_1e8vcs8._.js:776
[  112714ms] [LOG] [Fast Refresh] done in 845ms @ http://localhost:3000/_next/static/chunks/node_modules_next_dist_1e8vcs8._.js:776
[  112770ms] [LOG] [Fast Refresh] done in 845ms @ http://localhost:3000/_next/static/chunks/node_modules_next_dist_1e8vcs8._.js:776
[  112834ms] [LOG] [Fast Refresh] done in 845ms @ http://localhost:3000/_next/static/chunks/node_modules_next_dist_1e8vcs8._.js:776
[  112887ms] [LOG] [Fast Refresh] done in 845ms @ http://localhost:3000/_next/static/chunks/node_modules_next_dist_1e8vcs8._.js:776
[  112948ms] [LOG] [Fast Refresh] done in 845ms @ http://localhost:3000/_next/static/chunks/node_modules_next_dist_1e8vcs8._.js:776
[  113016ms] [LOG] [Fast Refresh] done in 845ms @ http://localhost:3000/_next/static/chunks/node_modules_next_dist_1e8vcs8._.js:776
[  113081ms] [LOG] [Fast Refresh] done in 845ms @ http://localhost:3000/_next/static/chunks/node_modules_next_dist_1e8vcs8._.js:776
[  113144ms] [LOG] [Fast Refresh] done in 845ms @ http://localhost:3000/_next/static/chunks/node_modules_next_dist_1e8vcs8._.js:776
[  113206ms] [LOG] [Fast Refresh] done in 845ms @ http://localhost:3000/_next/static/chunks/node_modules_next_dist_1e8vcs8._.js:776
[  113270ms] [LOG] [Fast Refresh] done in 845ms @ http://localhost:3000/_next/static/chunks/node_modules_next_dist_1e8vcs8._.js:776
[  113326ms] [LOG] [Fast Refresh] done in 845ms @ http://localhost:3000/_next/static/chunks/node_modules_next_dist_1e8vcs8._.js:776
[  113379ms] [LOG] [Fast Refresh] done in 845ms @ http://localhost:3000/_next/static/chunks/node_modules_next_dist_1e8vcs8._.js:776
[  113433ms] [LOG] [Fast Refresh] done in 845ms @ http://localhost:3000/_next/static/chunks/node_modules_next_dist_1e8vcs8._.js:776
[  113486ms] [LOG] [Fast Refresh] done in 845ms @ http://localhost:3000/_next/static/chunks/node_modules_next_dist_1e8vcs8._.js:776
[  113541ms] [LOG] [Fast Refresh] done in 845ms @ http://localhost:3000/_next/static/chunks/node_modules_next_dist_1e8vcs8._.js:776
[  113600ms] [LOG] [Fast Refresh] done in 845ms @ http://localhost:3000/_next/static/chunks/node_modules_next_dist_1e8vcs8._.js:776
[  113667ms] [LOG] [Fast Refresh] done in 845ms @ http://localhost:3000/_next/static/chunks/node_modules_next_dist_1e8vcs8._.js:776
[  113723ms] [LOG] [Fast Refresh] done in 845ms @ http://localhost:3000/_next/static/chunks/node_modules_next_dist_1e8vcs8._.js:776
[  113770ms] [LOG] [Fast Refresh] done in 845ms @ http://localhost:3000/_next/static/chunks/node_modules_next_dist_1e8vcs8._.js:776
[  113831ms] [LOG] [Fast Refresh] done in 845ms @ http://localhost:3000/_next/static/chunks/node_modules_next_dist_1e8vcs8._.js:776
[  113880ms] [LOG] [Fast Refresh] done in 845ms @ http://localhost:3000/_next/static/chunks/node_modules_next_dist_1e8vcs8._.js:776
[  113943ms] [LOG] [Fast Refresh] done in 845ms @ http://localhost:3000/_next/static/chunks/node_modules_next_dist_1e8vcs8._.js:776
[  114010ms] [LOG] [Fast Refresh] done in 845ms @ http://localhost:3000/_next/static/chunks/node_modules_next_dist_1e8vcs8._.js:776
[  114067ms] [LOG] [Fast Refresh] done in 845ms @ http://localhost:3000/_next/static/chunks/node_modules_next_dist_1e8vcs8._.js:776
[  114113ms] [LOG] [Fast Refresh] done in 845ms @ http://localhost:3000/_next/static/chunks/node_modules_next_dist_1e8vcs8._.js:776
[  114179ms] [LOG] [Fast Refresh] done in 845ms @ http://localhost:3000/_next/static/chunks/node_modules_next_dist_1e8vcs8._.js:776
[  114234ms] [LOG] [Fast Refresh] done in 845ms @ http://localhost:3000/_next/static/chunks/node_modules_next_dist_1e8vcs8._.js:776
[  114290ms] [LOG] [Fast Refresh] done in 845ms @ http://localhost:3000/_next/static/chunks/node_modules_next_dist_1e8vcs8._.js:776
[  114348ms] [LOG] [Fast Refresh] done in 845ms @ http://localhost:3000/_next/static/chunks/node_modules_next_dist_1e8vcs8._.js:776
[  114409ms] [LOG] [Fast Refresh] done in 845ms @ http://localhost:3000/_next/static/chunks/node_modules_next_dist_1e8vcs8._.js:776
[  114470ms] [LOG] [Fast Refresh] done in 845ms @ http://localhost:3000/_next/static/chunks/node_modules_next_dist_1e8vcs8._.js:776
[  114525ms] [LOG] [Fast Refresh] done in 845ms @ http://localhost:3000/_next/static/chunks/node_modules_next_dist_1e8vcs8._.js:776
[  114582ms] [LOG] [Fast Refresh] done in 845ms @ http://localhost:3000/_next/static/chunks/node_modules_next_dist_1e8vcs8._.js:776
[  114643ms] [LOG] [Fast Refresh] done in 845ms @ http://localhost:3000/_next/static/chunks/node_modules_next_dist_1e8vcs8._.js:776
[  114704ms] [LOG] [Fast Refresh] done in 845ms @ http://localhost:3000/_next/static/chunks/node_modules_next_dist_1e8vcs8._.js:776
[  114769ms] [LOG] [Fast Refresh] done in 845ms @ http://localhost:3000/_next/static/chunks/node_modules_next_dist_1e8vcs8._.js:776
[  114823ms] [LOG] [Fast Refresh] done in 845ms @ http://localhost:3000/_next/static/chunks/node_modules_next_dist_1e8vcs8._.js:776
[  114881ms] [LOG] [Fast Refresh] done in 845ms @ http://localhost:3000/_next/static/chunks/node_modules_next_dist_1e8vcs8._.js:776
[  114943ms] [LOG] [Fast Refresh] done in 845ms @ http://localhost:3000/_next/static/chunks/node_modules_next_dist_1e8vcs8._.js:776
[  115005ms] [LOG] [Fast Refresh] done in 845ms @ http://localhost:3000/_next/static/chunks/node_modules_next_dist_1e8vcs8._.js:776
[  115061ms] [LOG] [Fast Refresh] done in 845ms @ http://localhost:3000/_next/static/chunks/node_modules_next_dist_1e8vcs8._.js:776
[  115118ms] [LOG] [Fast Refresh] done in 845ms @ http://localhost:3000/_next/static/chunks/node_modules_next_dist_1e8vcs8._.js:776
[  115177ms] [LOG] [Fast Refresh] done in 845ms @ http://localhost:3000/_next/static/chunks/node_modules_next_dist_1e8vcs8._.js:776
[  115251ms] [LOG] [Fast Refresh] done in 845ms @ http://localhost:3000/_next/static/chunks/node_modules_next_dist_1e8vcs8._.js:776
[  115314ms] [LOG] [Fast Refresh] done in 845ms @ http://localhost:3000/_next/static/chunks/node_modules_next_dist_1e8vcs8._.js:776
[  115376ms] [LOG] [Fast Refresh] done in 845ms @ http://localhost:3000/_next/static/chunks/node_modules_next_dist_1e8vcs8._.js:776
[  115433ms] [LOG] [Fast Refresh] done in 845ms @ http://localhost:3000/_next/static/chunks/node_modules_next_dist_1e8vcs8._.js:776
[  115498ms] [LOG] [Fast Refresh] done in 845ms @ http://localhost:3000/_next/static/chunks/node_modules_next_dist_1e8vcs8._.js:776
[  115558ms] [LOG] [Fast Refresh] done in 845ms @ http://localhost:3000/_next/static/chunks/node_modules_next_dist_1e8vcs8._.js:776
[  115627ms] [LOG] [Fast Refresh] done in 845ms @ http://localhost:3000/_next/static/chunks/node_modules_next_dist_1e8vcs8._.js:776
[  115676ms] [LOG] [Fast Refresh] done in 845ms @ http://localhost:3000/_next/static/chunks/node_modules_next_dist_1e8vcs8._.js:776
[  115730ms] [LOG] [Fast Refresh] done in 845ms @ http://localhost:3000/_next/static/chunks/node_modules_next_dist_1e8vcs8._.js:776
[  115780ms] [LOG] [Fast Refresh] done in 845ms @ http://localhost:3000/_next/static/chunks/node_modules_next_dist_1e8vcs8._.js:776
[  115835ms] [LOG] [Fast Refresh] done in 845ms @ http://localhost:3000/_next/static/chunks/node_modules_next_dist_1e8vcs8._.js:776
[  115904ms] [LOG] [Fast Refresh] done in 845ms @ http://localhost:3000/_next/static/chunks/node_modules_next_dist_1e8vcs8._.js:776
[  115987ms] [LOG] [Fast Refresh] done in 845ms @ http://localhost:3000/_next/static/chunks/node_modules_next_dist_1e8vcs8._.js:776
[  115989ms] [LOG] [Fast Refresh] done in 845ms @ http://localhost:3000/_next/static/chunks/node_modules_next_dist_1e8vcs8._.js:776
[  116459ms] [LOG] [Fast Refresh] done in 845ms @ http://localhost:3000/_next/static/chunks/node_modules_next_dist_1e8vcs8._.js:776
[  116690ms] [LOG] [Fast Refresh] done in 845ms @ http://localhost:3000/_next/static/chunks/node_modules_next_dist_1e8vcs8._.js:776
[  117052ms] [LOG] [Fast Refresh] done in 845ms @ http://localhost:3000/_next/static/chunks/node_modules_next_dist_1e8vcs8._.js:776
[  117110ms] [LOG] [Fast Refresh] done in 845ms @ http://localhost:3000/_next/static/chunks/node_modules_next_dist_1e8vcs8._.js:776
[  117166ms] [LOG] [Fast Refresh] done in 845ms @ http://localhost:3000/_next/static/chunks/node_modules_next_dist_1e8vcs8._.js:776
[  117234ms] [LOG] [Fast Refresh] done in 845ms @ http://localhost:3000/_next/static/chunks/node_modules_next_dist_1e8vcs8._.js:776
[  117290ms] [LOG] [Fast Refresh] done in 845ms @ http://localhost:3000/_next/static/chunks/node_modules_next_dist_1e8vcs8._.js:776
[  117343ms] [LOG] [Fast Refresh] done in 845ms @ http://localhost:3000/_next/static/chunks/node_modules_next_dist_1e8vcs8._.js:776
[  117392ms] [LOG] [Fast Refresh] done in 845ms @ http://localhost:3000/_next/static/chunks/node_modules_next_dist_1e8vcs8._.js:776
[  117454ms] [LOG] [Fast Refresh] done in 845ms @ http://localhost:3000/_next/static/chunks/node_modules_next_dist_1e8vcs8._.js:776
[  117521ms] [LOG] [Fast Refresh] done in 845ms @ http://localhost:3000/_next/static/chunks/node_modules_next_dist_1e8vcs8._.js:776
[  117567ms] [LOG] [Fast Refresh] done in 845ms @ http://localhost:3000/_next/static/chunks/node_modules_next_dist_1e8vcs8._.js:776
[  117633ms] [LOG] [Fast Refresh] done in 845ms @ http://localhost:3000/_next/static/chunks/node_modules_next_dist_1e8vcs8._.js:776
[  117690ms] [LOG] [Fast Refresh] done in 845ms @ http://localhost:3000/_next/static/chunks/node_modules_next_dist_1e8vcs8._.js:776
[  117745ms] [LOG] [Fast Refresh] done in 845ms @ http://localhost:3000/_next/static/chunks/node_modules_next_dist_1e8vcs8._.js:776
[  117793ms] [LOG] [Fast Refresh] done in 845ms @ http://localhost:3000/_next/static/chunks/node_modules_next_dist_1e8vcs8._.js:776
[  117851ms] [LOG] [Fast Refresh] done in 845ms @ http://localhost:3000/_next/static/chunks/node_modules_next_dist_1e8vcs8._.js:776
[  117895ms] [LOG] [Fast Refresh] done in 845ms @ http://localhost:3000/_next/static/chunks/node_modules_next_dist_1e8vcs8._.js:776
[  117953ms] [LOG] [Fast Refresh] done in 845ms @ http://localhost:3000/_next/static/chunks/node_modules_next_dist_1e8vcs8._.js:776
[  118002ms] [LOG] [Fast Refresh] done in 845ms @ http://localhost:3000/_next/static/chunks/node_modules_next_dist_1e8vcs8._.js:776
[  118072ms] [LOG] [Fast Refresh] done in 845ms @ http://localhost:3000/_next/static/chunks/node_modules_next_dist_1e8vcs8._.js:776
[  118137ms] [LOG] [Fast Refresh] done in 845ms @ http://localhost:3000/_next/static/chunks/node_modules_next_dist_1e8vcs8._.js:776
[  118183ms] [LOG] [Fast Refresh] done in 845ms @ http://localhost:3000/_next/static/chunks/node_modules_next_dist_1e8vcs8._.js:776
[  118244ms] [LOG] [Fast Refresh] done in 845ms @ http://localhost:3000/_next/static/chunks/node_modules_next_dist_1e8vcs8._.js:776
[  118303ms] [LOG] [Fast Refresh] done in 845ms @ http://localhost:3000/_next/static/chunks/node_modules_next_dist_1e8vcs8._.js:776
[  118369ms] [LOG] [Fast Refresh] done in 845ms @ http://localhost:3000/_next/static/chunks/node_modules_next_dist_1e8vcs8._.js:776
[  118433ms] [LOG] [Fast Refresh] done in 845ms @ http://localhost:3000/_next/static/chunks/node_modules_next_dist_1e8vcs8._.js:776
[  118495ms] [LOG] [Fast Refresh] done in 845ms @ http://localhost:3000/_next/static/chunks/node_modules_next_dist_1e8vcs8._.js:776
[  118563ms] [LOG] [Fast Refresh] done in 845ms @ http://localhost:3000/_next/static/chunks/node_modules_next_dist_1e8vcs8._.js:776
[  118620ms] [LOG] [Fast Refresh] done in 845ms @ http://localhost:3000/_next/static/chunks/node_modules_next_dist_1e8vcs8._.js:776
[  118680ms] [LOG] [Fast Refresh] done in 845ms @ http://localhost:3000/_next/static/chunks/node_modules_next_dist_1e8vcs8._.js:776
[  118735ms] [LOG] [Fast Refresh] done in 845ms @ http://localhost:3000/_next/static/chunks/node_modules_next_dist_1e8vcs8._.js:776
[  118815ms] [LOG] [Fast Refresh] done in 845ms @ http://localhost:3000/_next/static/chunks/node_modules_next_dist_1e8vcs8._.js:776
[  118880ms] [LOG] [Fast Refresh] done in 845ms @ http://localhost:3000/_next/static/chunks/node_modules_next_dist_1e8vcs8._.js:776
[  118940ms] [LOG] [Fast Refresh] done in 845ms @ http://localhost:3000/_next/static/chunks/node_modules_next_dist_1e8vcs8._.js:776
[  118997ms] [LOG] [Fast Refresh] done in 845ms @ http://localhost:3000/_next/static/chunks/node_modules_next_dist_1e8vcs8._.js:776
[  119044ms] [LOG] [Fast Refresh] done in 845ms @ http://localhost:3000/_next/static/chunks/node_modules_next_dist_1e8vcs8._.js:776
[  119099ms] [LOG] [Fast Refresh] done in 845ms @ http://localhost:3000/_next/static/chunks/node_modules_next_dist_1e8vcs8._.js:776
[  119159ms] [LOG] [Fast Refresh] done in 845ms @ http://localhost:3000/_next/static/chunks/node_modules_next_dist_1e8vcs8._.js:776
[  119220ms] [LOG] [Fast Refresh] done in 845ms @ http://localhost:3000/_next/static/chunks/node_modules_next_dist_1e8vcs8._.js:776
[  119280ms] [LOG] [Fast Refresh] done in 845ms @ http://localhost:3000/_next/static/chunks/node_modules_next_dist_1e8vcs8._.js:776
[  119331ms] [LOG] [Fast Refresh] done in 845ms @ http://localhost:3000/_next/static/chunks/node_modules_next_dist_1e8vcs8._.js:776
[  119379ms] [LOG] [Fast Refresh] done in 845ms @ http://localhost:3000/_next/static/chunks/node_modules_next_dist_1e8vcs8._.js:776
[  119423ms] [LOG] [Fast Refresh] done in 845ms @ http://localhost:3000/_next/static/chunks/node_modules_next_dist_1e8vcs8._.js:776
[  119475ms] [LOG] [Fast Refresh] done in 845ms @ http://localhost:3000/_next/static/chunks/node_modules_next_dist_1e8vcs8._.js:776
[  119527ms] [LOG] [Fast Refresh] done in 845ms @ http://localhost:3000/_next/static/chunks/node_modules_next_dist_1e8vcs8._.js:776
[  119579ms] [LOG] [Fast Refresh] done in 845ms @ http://localhost:3000/_next/static/chunks/node_modules_next_dist_1e8vcs8._.js:776
[  119637ms] [LOG] [Fast Refresh] done in 845ms @ http://localhost:3000/_next/static/chunks/node_modules_next_dist_1e8vcs8._.js:776
[  119696ms] [LOG] [Fast Refresh] done in 845ms @ http://localhost:3000/_next/static/chunks/node_modules_next_dist_1e8vcs8._.js:776
[  119752ms] [LOG] [Fast Refresh] done in 845ms @ http://localhost:3000/_next/static/chunks/node_modules_next_dist_1e8vcs8._.js:776
[  119798ms] [LOG] [Fast Refresh] done in 845ms @ http://localhost:3000/_next/static/chunks/node_modules_next_dist_1e8vcs8._.js:776
[  119854ms] [LOG] [Fast Refresh] done in 845ms @ http://localhost:3000/_next/static/chunks/node_modules_next_dist_1e8vcs8._.js:776
[  119930ms] [LOG] [Fast Refresh] done in 845ms @ http://localhost:3000/_next/static/chunks/node_modules_next_dist_1e8vcs8._.js:776
[  119985ms] [LOG] [Fast Refresh] done in 845ms @ http://localhost:3000/_next/static/chunks/node_modules_next_dist_1e8vcs8._.js:776
[  120061ms] [LOG] [Fast Refresh] done in 845ms @ http://localhost:3000/_next/static/chunks/node_modules_next_dist_1e8vcs8._.js:776
[  120128ms] [LOG] [Fast Refresh] done in 845ms @ http://localhost:3000/_next/static/chunks/node_modules_next_dist_1e8vcs8._.js:776
[  120177ms] [LOG] [Fast Refresh] done in 845ms @ http://localhost:3000/_next/static/chunks/node_modules_next_dist_1e8vcs8._.js:776
[  120228ms] [LOG] [Fast Refresh] done in 845ms @ http://localhost:3000/_next/static/chunks/node_modules_next_dist_1e8vcs8._.js:776
[  120283ms] [LOG] [Fast Refresh] done in 845ms @ http://localhost:3000/_next/static/chunks/node_modules_next_dist_1e8vcs8._.js:776
[  120334ms] [LOG] [Fast Refresh] done in 845ms @ http://localhost:3000/_next/static/chunks/node_modules_next_dist_1e8vcs8._.js:776
[  120388ms] [LOG] [Fast Refresh] done in 845ms @ http://localhost:3000/_next/static/chunks/node_modules_next_dist_1e8vcs8._.js:776
[  120439ms] [LOG] [Fast Refresh] done in 845ms @ http://localhost:3000/_next/static/chunks/node_modules_next_dist_1e8vcs8._.js:776
[  120484ms] [LOG] [Fast Refresh] done in 845ms @ http://localhost:3000/_next/static/chunks/node_modules_next_dist_1e8vcs8._.js:776
[  120540ms] [LOG] [Fast Refresh] done in 845ms @ http://localhost:3000/_next/static/chunks/node_modules_next_dist_1e8vcs8._.js:776
[  120589ms] [LOG] [Fast Refresh] done in 845ms @ http://localhost:3000/_next/static/chunks/node_modules_next_dist_1e8vcs8._.js:776
[  120644ms] [LOG] [Fast Refresh] done in 845ms @ http://localhost:3000/_next/static/chunks/node_modules_next_dist_1e8vcs8._.js:776
[  120701ms] [LOG] [Fast Refresh] done in 845ms @ http://localhost:3000/_next/static/chunks/node_modules_next_dist_1e8vcs8._.js:776
[  120756ms] [LOG] [Fast Refresh] done in 845ms @ http://localhost:3000/_next/static/chunks/node_modules_next_dist_1e8vcs8._.js:776
[  120824ms] [LOG] [Fast Refresh] done in 845ms @ http://localhost:3000/_next/static/chunks/node_modules_next_dist_1e8vcs8._.js:776
[  120905ms] [LOG] [Fast Refresh] done in 845ms @ http://localhost:3000/_next/static/chunks/node_modules_next_dist_1e8vcs8._.js:776
[  120964ms] [LOG] [Fast Refresh] done in 845ms @ http://localhost:3000/_next/static/chunks/node_modules_next_dist_1e8vcs8._.js:776
[  121022ms] [LOG] [Fast Refresh] done in 845ms @ http://localhost:3000/_next/static/chunks/node_modules_next_dist_1e8vcs8._.js:776
[  121081ms] [LOG] [Fast Refresh] done in 845ms @ http://localhost:3000/_next/static/chunks/node_modules_next_dist_1e8vcs8._.js:776
[  121142ms] [LOG] [Fast Refresh] done in 845ms @ http://localhost:3000/_next/static/chunks/node_modules_next_dist_1e8vcs8._.js:776
[  121197ms] [LOG] [Fast Refresh] done in 845ms @ http://localhost:3000/_next/static/chunks/node_modules_next_dist_1e8vcs8._.js:776
[  121245ms] [LOG] [Fast Refresh] done in 845ms @ http://localhost:3000/_next/static/chunks/node_modules_next_dist_1e8vcs8._.js:776
[  121296ms] [LOG] [Fast Refresh] done in 845ms @ http://localhost:3000/_next/static/chunks/node_modules_next_dist_1e8vcs8._.js:776
[  121349ms] [LOG] [Fast Refresh] done in 845ms @ http://localhost:3000/_next/static/chunks/node_modules_next_dist_1e8vcs8._.js:776
[  121411ms] [LOG] [Fast Refresh] done in 845ms @ http://localhost:3000/_next/static/chunks/node_modules_next_dist_1e8vcs8._.js:776
[  121462ms] [LOG] [Fast Refresh] done in 845ms @ http://localhost:3000/_next/static/chunks/node_modules_next_dist_1e8vcs8._.js:776
[  121525ms] [LOG] [Fast Refresh] done in 845ms @ http://localhost:3000/_next/static/chunks/node_modules_next_dist_1e8vcs8._.js:776
[  121587ms] [LOG] [Fast Refresh] done in 845ms @ http://localhost:3000/_next/static/chunks/node_modules_next_dist_1e8vcs8._.js:776
[  121648ms] [LOG] [Fast Refresh] done in 845ms @ http://localhost:3000/_next/static/chunks/node_modules_next_dist_1e8vcs8._.js:776
[  121711ms] [LOG] [Fast Refresh] done in 845ms @ http://localhost:3000/_next/static/chunks/node_modules_next_dist_1e8vcs8._.js:776
[  121771ms] [LOG] [Fast Refresh] done in 845ms @ http://localhost:3000/_next/static/chunks/node_modules_next_dist_1e8vcs8._.js:776
[  121832ms] [LOG] [Fast Refresh] done in 845ms @ http://localhost:3000/_next/static/chunks/node_modules_next_dist_1e8vcs8._.js:776
[  121881ms] [LOG] [Fast Refresh] done in 845ms @ http://localhost:3000/_next/static/chunks/node_modules_next_dist_1e8vcs8._.js:776
[  121951ms] [LOG] [Fast Refresh] done in 845ms @ http://localhost:3000/_next/static/chunks/node_modules_next_dist_1e8vcs8._.js:776
[  121997ms] [LOG] [Fast Refresh] done in 845ms @ http://localhost:3000/_next/static/chunks/node_modules_next_dist_1e8vcs8._.js:776
[  122048ms] [LOG] [Fast Refresh] done in 845ms @ http://localhost:3000/_next/static/chunks/node_modules_next_dist_1e8vcs8._.js:776
[  122100ms] [LOG] [Fast Refresh] done in 845ms @ http://localhost:3000/_next/static/chunks/node_modules_next_dist_1e8vcs8._.js:776
[  122150ms] [LOG] [Fast Refresh] done in 845ms @ http://localhost:3000/_next/static/chunks/node_modules_next_dist_1e8vcs8._.js:776
[  122203ms] [LOG] [Fast Refresh] done in 845ms @ http://localhost:3000/_next/static/chunks/node_modules_next_dist_1e8vcs8._.js:776
[  122248ms] [LOG] [Fast Refresh] done in 845ms @ http://localhost:3000/_next/static/chunks/node_modules_next_dist_1e8vcs8._.js:776
[  122303ms] [LOG] [Fast Refresh] done in 845ms @ http://localhost:3000/_next/static/chunks/node_modules_next_dist_1e8vcs8._.js:776
[  122366ms] [LOG] [Fast Refresh] done in 845ms @ http://localhost:3000/_next/static/chunks/node_modules_next_dist_1e8vcs8._.js:776
[  122436ms] [LOG] [Fast Refresh] done in 845ms @ http://localhost:3000/_next/static/chunks/node_modules_next_dist_1e8vcs8._.js:776
[  122482ms] [LOG] [Fast Refresh] done in 845ms @ http://localhost:3000/_next/static/chunks/node_modules_next_dist_1e8vcs8._.js:776
[  122543ms] [LOG] [Fast Refresh] done in 845ms @ http://localhost:3000/_next/static/chunks/node_modules_next_dist_1e8vcs8._.js:776
[  122608ms] [LOG] [Fast Refresh] done in 845ms @ http://localhost:3000/_next/static/chunks/node_modules_next_dist_1e8vcs8._.js:776
[  122664ms] [LOG] [Fast Refresh] done in 845ms @ http://localhost:3000/_next/static/chunks/node_modules_next_dist_1e8vcs8._.js:776
[  122722ms] [LOG] [Fast Refresh] done in 845ms @ http://localhost:3000/_next/static/chunks/node_modules_next_dist_1e8vcs8._.js:776
[  122782ms] [LOG] [Fast Refresh] done in 845ms @ http://localhost:3000/_next/static/chunks/node_modules_next_dist_1e8vcs8._.js:776
[  122852ms] [LOG] [Fast Refresh] done in 845ms @ http://localhost:3000/_next/static/chunks/node_modules_next_dist_1e8vcs8._.js:776
[  122911ms] [LOG] [Fast Refresh] done in 845ms @ http://localhost:3000/_next/static/chunks/node_modules_next_dist_1e8vcs8._.js:776
[  122971ms] [LOG] [Fast Refresh] done in 845ms @ http://localhost:3000/_next/static/chunks/node_modules_next_dist_1e8vcs8._.js:776
[  123028ms] [LOG] [Fast Refresh] done in 845ms @ http://localhost:3000/_next/static/chunks/node_modules_next_dist_1e8vcs8._.js:776
[  123086ms] [LOG] [Fast Refresh] done in 845ms @ http://localhost:3000/_next/static/chunks/node_modules_next_dist_1e8vcs8._.js:776
[  123143ms] [LOG] [Fast Refresh] done in 845ms @ http://localhost:3000/_next/static/chunks/node_modules_next_dist_1e8vcs8._.js:776
[  123193ms] [LOG] [Fast Refresh] done in 845ms @ http://localhost:3000/_next/static/chunks/node_modules_next_dist_1e8vcs8._.js:776
[  123242ms] [LOG] [Fast Refresh] done in 845ms @ http://localhost:3000/_next/static/chunks/node_modules_next_dist_1e8vcs8._.js:776
[  123295ms] [LOG] [Fast Refresh] done in 845ms @ http://localhost:3000/_next/static/chunks/node_modules_next_dist_1e8vcs8._.js:776
[  123349ms] [LOG] [Fast Refresh] done in 845ms @ http://localhost:3000/_next/static/chunks/node_modules_next_dist_1e8vcs8._.js:776
[  123406ms] [LOG] [Fast Refresh] done in 845ms @ http://localhost:3000/_next/static/chunks/node_modules_next_dist_1e8vcs8._.js:776
[  123456ms] [LOG] [Fast Refresh] done in 845ms @ http://localhost:3000/_next/static/chunks/node_modules_next_dist_1e8vcs8._.js:776
[  123508ms] [LOG] [Fast Refresh] done in 845ms @ http://localhost:3000/_next/static/chunks/node_modules_next_dist_1e8vcs8._.js:776
[  123562ms] [LOG] [Fast Refresh] done in 845ms @ http://localhost:3000/_next/static/chunks/node_modules_next_dist_1e8vcs8._.js:776
[  123623ms] [LOG] [Fast Refresh] done in 845ms @ http://localhost:3000/_next/static/chunks/node_modules_next_dist_1e8vcs8._.js:776
[  123680ms] [LOG] [Fast Refresh] done in 845ms @ http://localhost:3000/_next/static/chunks/node_modules_next_dist_1e8vcs8._.js:776
[  123732ms] [LOG] [Fast Refresh] done in 845ms @ http://localhost:3000/_next/static/chunks/node_modules_next_dist_1e8vcs8._.js:776
[  123788ms] [LOG] [Fast Refresh] done in 845ms @ http://localhost:3000/_next/static/chunks/node_modules_next_dist_1e8vcs8._.js:776
[  123848ms] [LOG] [Fast Refresh] done in 845ms @ http://localhost:3000/_next/static/chunks/node_modules_next_dist_1e8vcs8._.js:776
[  123911ms] [LOG] [Fast Refresh] done in 845ms @ http://localhost:3000/_next/static/chunks/node_modules_next_dist_1e8vcs8._.js:776
[  123965ms] [LOG] [Fast Refresh] done in 845ms @ http://localhost:3000/_next/static/chunks/node_modules_next_dist_1e8vcs8._.js:776
[  124020ms] [LOG] [Fast Refresh] done in 845ms @ http://localhost:3000/_next/static/chunks/node_modules_next_dist_1e8vcs8._.js:776
[  124084ms] [LOG] [Fast Refresh] done in 845ms @ http://localhost:3000/_next/static/chunks/node_modules_next_dist_1e8vcs8._.js:776
[  124165ms] [LOG] [Fast Refresh] done in 845ms @ http://localhost:3000/_next/static/chunks/node_modules_next_dist_1e8vcs8._.js:776
[  124234ms] [LOG] [Fast Refresh] done in 845ms @ http://localhost:3000/_next/static/chunks/node_modules_next_dist_1e8vcs8._.js:776
[  124291ms] [LOG] [Fast Refresh] done in 845ms @ http://localhost:3000/_next/static/chunks/node_modules_next_dist_1e8vcs8._.js:776
[  124366ms] [LOG] [Fast Refresh] done in 845ms @ http://localhost:3000/_next/static/chunks/node_modules_next_dist_1e8vcs8._.js:776
[  124431ms] [LOG] [Fast Refresh] done in 845ms @ http://localhost:3000/_next/static/chunks/node_modules_next_dist_1e8vcs8._.js:776
[  124483ms] [LOG] [Fast Refresh] done in 845ms @ http://localhost:3000/_next/static/chunks/node_modules_next_dist_1e8vcs8._.js:776
[  124552ms] [LOG] [Fast Refresh] done in 845ms @ http://localhost:3000/_next/static/chunks/node_modules_next_dist_1e8vcs8._.js:776
[  124623ms] [LOG] [Fast Refresh] done in 845ms @ http://localhost:3000/_next/static/chunks/node_modules_next_dist_1e8vcs8._.js:776
[  124688ms] [LOG] [Fast Refresh] done in 845ms @ http://localhost:3000/_next/static/chunks/node_modules_next_dist_1e8vcs8._.js:776
[  124747ms] [LOG] [Fast Refresh] done in 845ms @ http://localhost:3000/_next/static/chunks/node_modules_next_dist_1e8vcs8._.js:776
[  124808ms] [LOG] [Fast Refresh] done in 845ms @ http://localhost:3000/_next/static/chunks/node_modules_next_dist_1e8vcs8._.js:776
[  124877ms] [LOG] [Fast Refresh] done in 845ms @ http://localhost:3000/_next/static/chunks/node_modules_next_dist_1e8vcs8._.js:776
[  124961ms] [LOG] [Fast Refresh] done in 845ms @ http://localhost:3000/_next/static/chunks/node_modules_next_dist_1e8vcs8._.js:776
[  125018ms] [LOG] [Fast Refresh] done in 845ms @ http://localhost:3000/_next/static/chunks/node_modules_next_dist_1e8vcs8._.js:776
[  125074ms] [LOG] [Fast Refresh] done in 845ms @ http://localhost:3000/_next/static/chunks/node_modules_next_dist_1e8vcs8._.js:776
[  125133ms] [LOG] [Fast Refresh] done in 845ms @ http://localhost:3000/_next/static/chunks/node_modules_next_dist_1e8vcs8._.js:776
[  125196ms] [LOG] [Fast Refresh] done in 845ms @ http://localhost:3000/_next/static/chunks/node_modules_next_dist_1e8vcs8._.js:776
[  125263ms] [LOG] [Fast Refresh] done in 845ms @ http://localhost:3000/_next/static/chunks/node_modules_next_dist_1e8vcs8._.js:776
[  125333ms] [LOG] [Fast Refresh] done in 845ms @ http://localhost:3000/_next/static/chunks/node_modules_next_dist_1e8vcs8._.js:776
[  125394ms] [LOG] [Fast Refresh] done in 845ms @ http://localhost:3000/_next/static/chunks/node_modules_next_dist_1e8vcs8._.js:776
[  125451ms] [LOG] [Fast Refresh] done in 845ms @ http://localhost:3000/_next/static/chunks/node_modules_next_dist_1e8vcs8._.js:776
[  125518ms] [LOG] [Fast Refresh] done in 845ms @ http://localhost:3000/_next/static/chunks/node_modules_next_dist_1e8vcs8._.js:776
[  125568ms] [LOG] [Fast Refresh] done in 845ms @ http://localhost:3000/_next/static/chunks/node_modules_next_dist_1e8vcs8._.js:776
[  125633ms] [LOG] [Fast Refresh] done in 845ms @ http://localhost:3000/_next/static/chunks/node_modules_next_dist_1e8vcs8._.js:776
[  125703ms] [LOG] [Fast Refresh] done in 845ms @ http://localhost:3000/_next/static/chunks/node_modules_next_dist_1e8vcs8._.js:776
[  125764ms] [LOG] [Fast Refresh] done in 845ms @ http://localhost:3000/_next/static/chunks/node_modules_next_dist_1e8vcs8._.js:776
[  125815ms] [LOG] [Fast Refresh] done in 845ms @ http://localhost:3000/_next/static/chunks/node_modules_next_dist_1e8vcs8._.js:776
